Brand,Sales,ShopTime
Apple,6.0,123.0
Apple,6.0,708.0
Microsoft,8.0,456.0
IBM,8.0,324.0
Apple,10.0,672.0
Apple,12.0,612.0
Apple,12.0,264.0
IBM,12.0,300.0
IBM,12.0,408.0
Microsoft,12.0,420.0
Microsoft,12.0,286.0
Microsoft,13.0,420.0
Apple,13.0,588.0
Apple,13.0,163.0
Microsoft,14.0,348.0
Apple,14.0,167.0
IBM,14.0,564.0
Microsoft,14.0,244.0
Apple,14.0,540.0
IBM,14.0,348.0
Apple,14.0,274.0
IBM,14.0,372.0
Microsoft,15.0,153.0
IBM,15.0,269.0
Microsoft,15.0,456.0
Microsoft,15.0,504.0
Microsoft,15.0,516.0
IBM,15.0,708.0
IBM,15.0,360.0
IBM,15.0,660.0
Apple,15.0,540.0
Microsoft,15.0,204.0
IBM,16.0,142.0
Microsoft,16.0,480.0
Apple,16.0,132.0
Apple,16.0,157.0
Microsoft,16.0,516.0
IBM,16.0,564.0
Apple,16.0,612.0
Apple,16.0,396.0
Apple,16.0,528.0
Apple,16.0,420.0
IBM,17.0,312.0
Microsoft,17.0,278.0
Apple,17.0,292.0
Apple,17.0,360.0
Apple,17.0,189.0
Apple,17.0,139.0
IBM,17.0,624.0
IBM,17.0,660.0
Apple,17.0,360.0
Microsoft,18.0,256.0
Microsoft,18.0,420.0
Apple,18.0,234.0
Microsoft,18.0,468.0
Microsoft,18.0,600.0
IBM,18.0,197.0
Apple,18.0,516.0
Apple,18.0,720.0
Apple,18.0,600.0
Microsoft,19.0,384.0
Apple,19.0,672.0
Apple,19.0,696.0
Microsoft,19.0,348.0
Microsoft,19.0,348.0
Microsoft,19.0,420.0
Microsoft,19.0,504.0
IBM,19.0,229.0
IBM,19.0,552.0
Apple,19.0,267.0
Microsoft,19.0,420.0
IBM,19.0,348.0
IBM,19.0,612.0
Apple,19.0,684.0
Apple,19.0,272.0
Microsoft,19.0,312.0
Microsoft,20.0,360.0
Microsoft,20.0,648.0
IBM,20.0,444.0
Apple,20.0,552.0
Microsoft,20.0,660.0
IBM,20.0,672.0
IBM,20.0,624.0
IBM,20.0,504.0
Apple,20.0,540.0
Apple,20.0,576.0
IBM,20.0,624.0
IBM,20.0,195.0
Apple,20.0,720.0
IBM,20.0,468.0
Apple,20.0,384.0
IBM,20.0,456.0
Microsoft,20.0,516.0
Microsoft,21.0,300.0
Microsoft,21.0,372.0
Microsoft,21.0,696.0
Microsoft,21.0,696.0
Apple,21.0,360.0
IBM,21.0,456.0
Microsoft,21.0,360.0
IBM,21.0,131.0
IBM,21.0,540.0
Apple,22.0,600.0
IBM,22.0,170.0
IBM,22.0,232.0
Apple,22.0,396.0
Microsoft,22.0,189.0
Microsoft,22.0,720.0
Apple,22.0,219.0
Microsoft,22.0,588.0
Apple,22.0,660.0
Microsoft,22.0,696.0
IBM,22.0,133.0
Microsoft,22.0,225.0
Microsoft,22.0,300.0
IBM,22.0,130.0
Apple,22.0,696.0
Apple,22.0,144.0
Apple,22.0,456.0
Apple,22.0,624.0
IBM,22.0,636.0
Apple,22.0,360.0
IBM,22.0,456.0
IBM,22.0,492.0
IBM,22.0,348.0
IBM,22.0,456.0
Apple,22.0,636.0
Microsoft,23.0,576.0
Apple,23.0,576.0
Microsoft,23.0,420.0
IBM,23.0,540.0
Apple,23.0,444.0
Apple,23.0,480.0
IBM,23.0,540.0
Microsoft,23.0,336.0
Microsoft,23.0,360.0
Apple,23.0,264.0
Apple,23.0,576.0
Apple,23.0,708.0
IBM,23.0,564.0
IBM,23.0,248.0
Microsoft,24.0,480.0
Microsoft,24.0,612.0
Apple,24.0,129.0
Microsoft,24.0,624.0
Apple,24.0,182.0
Apple,24.0,504.0
IBM,24.0,708.0
Microsoft,24.0,672.0
Microsoft,24.0,208.0
IBM,24.0,504.0
IBM,24.0,157.0
Apple,24.0,492.0
Microsoft,24.0,122.0
Apple,24.0,444.0
Microsoft,25.0,564.0
Microsoft,25.0,147.0
IBM,25.0,160.0
Microsoft,25.0,444.0
Apple,25.0,576.0
Apple,25.0,150.0
IBM,25.0,360.0
IBM,25.0,480.0
Microsoft,25.0,720.0
Microsoft,25.0,576.0
IBM,25.0,612.0
Microsoft,25.0,480.0
Microsoft,25.0,720.0
Apple,25.0,456.0
Apple,25.0,187.0
Apple,25.0,294.0
Apple,25.0,396.0
IBM,25.0,468.0
Microsoft,25.0,612.0
Microsoft,25.0,600.0
Apple,25.0,648.0
Apple,25.0,300.0
Apple,25.0,300.0
Microsoft,25.0,720.0
Apple,25.0,172.0
Apple,25.0,200.0
IBM,25.0,444.0
Apple,25.0,480.0
IBM,25.0,360.0
Apple,25.0,600.0
IBM,25.0,660.0
Microsoft,25.0,720.0
Apple,25.0,540.0
Microsoft,26.0,696.0
Apple,26.0,240.0
Apple,26.0,324.0
Apple,26.0,624.0
IBM,26.0,708.0
Apple,26.0,516.0
IBM,26.0,528.0
Microsoft,26.0,672.0
Apple,26.0,708.0
Microsoft,26.0,516.0
Microsoft,26.0,276.0
IBM,26.0,720.0
IBM,26.0,468.0
Apple,26.0,160.0
IBM,26.0,396.0
IBM,26.0,312.0
Apple,26.0,540.0
IBM,26.0,564.0
Apple,26.0,396.0
Microsoft,27.0,564.0
IBM,27.0,420.0
Microsoft,27.0,684.0
IBM,27.0,300.0
IBM,27.0,290.0
Microsoft,27.0,336.0
Microsoft,27.0,360.0
IBM,27.0,516.0
IBM,27.0,134.0
Microsoft,27.0,456.0
Microsoft,27.0,540.0
Microsoft,27.0,276.0
IBM,27.0,360.0
Apple,27.0,480.0
Apple,27.0,528.0
Apple,27.0,238.0
Apple,27.0,648.0
Apple,27.0,143.0
Apple,27.0,360.0
Microsoft,27.0,504.0
Apple,27.0,624.0
Apple,28.0,262.0
Apple,28.0,348.0
Apple,28.0,504.0
IBM,28.0,360.0
Apple,28.0,480.0
IBM,28.0,672.0
Apple,28.0,684.0
IBM,28.0,139.0
Apple,28.0,516.0
IBM,28.0,149.0
IBM,28.0,660.0
IBM,28.0,516.0
Microsoft,28.0,516.0
Apple,28.0,540.0
IBM,28.0,324.0
Microsoft,29.0,131.0
Apple,29.0,230.0
Apple,29.0,504.0
IBM,29.0,444.0
IBM,29.0,720.0
IBM,29.0,528.0
IBM,29.0,636.0
Apple,29.0,135.0
IBM,29.0,202.0
IBM,29.0,260.0
Microsoft,29.0,480.0
Apple,29.0,540.0
IBM,29.0,588.0
Microsoft,29.0,124.0
Microsoft,29.0,504.0
Apple,29.0,564.0
Apple,29.0,600.0
IBM,29.0,174.0
Apple,29.0,480.0
IBM,29.0,576.0
Microsoft,29.0,540.0
Microsoft,29.0,124.0
IBM,29.0,287.0
Apple,29.0,396.0
Apple,29.0,528.0
Apple,29.0,612.0
Apple,30.0,140.0
Microsoft,30.0,564.0
Microsoft,30.0,284.0
Microsoft,30.0,420.0
IBM,30.0,624.0
Apple,30.0,240.0
Apple,30.0,270.0
Microsoft,30.0,408.0
Apple,30.0,432.0
Microsoft,30.0,163.0
Microsoft,30.0,480.0
IBM,30.0,360.0
Apple,30.0,696.0
Apple,30.0,672.0
Microsoft,30.0,360.0
Microsoft,30.0,178.0
Apple,30.0,298.0
Apple,30.0,540.0
IBM,30.0,165.0
Apple,30.0,252.0
Microsoft,30.0,220.0
Microsoft,30.0,612.0
IBM,30.0,174.0
IBM,30.0,600.0
IBM,30.0,648.0
Apple,30.0,214.0
Microsoft,31.0,600.0
Microsoft,31.0,636.0
Microsoft,31.0,259.0
IBM,31.0,324.0
Microsoft,31.0,540.0
Microsoft,31.0,624.0
IBM,31.0,672.0
IBM,31.0,348.0
IBM,31.0,660.0
Apple,31.0,444.0
Microsoft,31.0,468.0
Apple,31.0,624.0
Apple,31.0,242.0
IBM,31.0,336.0
IBM,31.0,600.0
Apple,31.0,396.0
IBM,31.0,360.0
IBM,31.0,360.0
IBM,32.0,672.0
IBM,32.0,516.0
Apple,32.0,564.0
Apple,32.0,182.0
IBM,32.0,600.0
Microsoft,32.0,612.0
IBM,32.0,300.0
IBM,32.0,396.0
IBM,32.0,360.0
Microsoft,32.0,280.0
Microsoft,32.0,708.0
Microsoft,32.0,420.0
Apple,32.0,564.0
IBM,32.0,147.0
Apple,32.0,396.0
Apple,32.0,312.0
Apple,32.0,564.0
Microsoft,33.0,672.0
Apple,33.0,348.0
IBM,33.0,123.0
IBM,33.0,696.0
IBM,33.0,122.0
Apple,33.0,720.0
Microsoft,33.0,191.0
Apple,33.0,576.0
Apple,33.0,360.0
IBM,33.0,312.0
Apple,33.0,456.0
IBM,33.0,249.0
IBM,33.0,468.0
Microsoft,33.0,540.0
Microsoft,33.0,576.0
IBM,33.0,528.0
Apple,33.0,708.0
Microsoft,33.0,564.0
Apple,33.0,202.0
Apple,34.0,185.0
Apple,34.0,360.0
Microsoft,34.0,420.0
IBM,34.0,720.0
IBM,34.0,600.0
Apple,34.0,336.0
Apple,34.0,348.0
IBM,34.0,360.0
IBM,34.0,684.0
Microsoft,34.0,516.0
Apple,34.0,660.0
Microsoft,35.0,648.0
IBM,35.0,336.0
Microsoft,35.0,612.0
Microsoft,35.0,300.0
Microsoft,35.0,348.0
IBM,35.0,684.0
IBM,35.0,696.0
Apple,35.0,299.0
IBM,35.0,408.0
Microsoft,35.0,300.0
Apple,35.0,528.0
Apple,35.0,324.0
Apple,35.0,612.0
IBM,35.0,254.0
IBM,35.0,408.0
Apple,35.0,684.0
Apple,35.0,121.0
IBM,35.0,125.0
IBM,35.0,151.0
Apple,35.0,163.0
Apple,35.0,480.0
IBM,35.0,480.0
IBM,35.0,528.0
IBM,35.0,384.0
Microsoft,35.0,227.0
Microsoft,35.0,600.0
Microsoft,35.0,153.0
Microsoft,35.0,250.0
Apple,35.0,660.0
Microsoft,35.0,408.0
Apple,36.0,300.0
Apple,36.0,540.0
Apple,36.0,720.0
Apple,36.0,720.0
Microsoft,36.0,1116.0
Apple,36.0,936.0
Microsoft,36.0,828.0
Microsoft,36.0,1080.0
Apple,36.0,1068.0
Microsoft,36.0,804.0
Apple,36.0,852.0
IBM,36.0,900.0
Apple,36.0,900.0
Microsoft,36.0,840.0
Microsoft,36.0,744.0
Apple,37.0,888.0
IBM,37.0,1032.0
Microsoft,37.0,780.0
Apple,37.0,876.0
Apple,37.0,780.0
Microsoft,37.0,1008.0
IBM,37.0,792.0
IBM,37.0,984.0
Microsoft,37.0,876.0
Microsoft,37.0,804.0
Microsoft,37.0,912.0
Apple,37.0,744.0
Microsoft,37.0,816.0
Microsoft,37.0,960.0
Apple,37.0,984.0
Microsoft,37.0,996.0
Microsoft,37.0,1140.0
IBM,37.0,900.0
Apple,37.0,1080.0
Apple,38.0,996.0
IBM,38.0,780.0
Microsoft,38.0,744.0
Microsoft,38.0,960.0
Apple,38.0,732.0
Microsoft,38.0,744.0
Apple,38.0,984.0
IBM,38.0,1044.0
Apple,38.0,1068.0
Apple,38.0,900.0
Microsoft,38.0,1008.0
Microsoft,38.0,924.0
Microsoft,38.0,864.0
IBM,38.0,816.0
Apple,38.0,816.0
IBM,38.0,876.0
Microsoft,38.0,780.0
IBM,38.0,744.0
IBM,38.0,1068.0
Microsoft,39.0,1080.0
Apple,39.0,876.0
IBM,39.0,828.0
Apple,39.0,924.0
Microsoft,39.0,804.0
IBM,39.0,936.0
IBM,39.0,1044.0
IBM,39.0,780.0
IBM,39.0,972.0
IBM,39.0,1104.0
Microsoft,39.0,1056.0
IBM,39.0,900.0
Microsoft,39.0,1080.0
Apple,39.0,1128.0
Microsoft,40.0,876.0
Microsoft,40.0,876.0
Microsoft,40.0,924.0
Apple,40.0,960.0
Apple,40.0,828.0
Apple,40.0,1020.0
Apple,40.0,804.0
IBM,40.0,912.0
Microsoft,40.0,864.0
IBM,40.0,1080.0
Apple,40.0,1104.0
IBM,40.0,804.0
Apple,40.0,828.0
Apple,40.0,876.0
IBM,40.0,1080.0
Apple,40.0,936.0
Microsoft,40.0,984.0
Apple,40.0,1080.0
Apple,40.0,1104.0
IBM,40.0,1056.0
Apple,40.0,996.0
IBM,40.0,1020.0
Microsoft,40.0,1032.0
Microsoft,40.0,1068.0
Apple,40.0,780.0
Apple,40.0,1104.0
Apple,40.0,960.0
IBM,40.0,888.0
Apple,40.0,936.0
Microsoft,40.0,960.0
Apple,40.0,840.0
Apple,40.0,924.0
Microsoft,40.0,1092.0
IBM,40.0,1116.0
Apple,41.0,888.0
Microsoft,41.0,960.0
Microsoft,41.0,888.0
Apple,41.0,720.0
Microsoft,41.0,1020.0
IBM,41.0,1044.0
Apple,41.0,780.0
IBM,41.0,804.0
IBM,41.0,900.0
Apple,41.0,768.0
Apple,41.0,1104.0
IBM,41.0,816.0
Apple,41.0,1044.0
Apple,41.0,1080.0
Apple,41.0,1128.0
Microsoft,41.0,756.0
IBM,42.0,816.0
Microsoft,42.0,840.0
Microsoft,42.0,720.0
IBM,42.0,744.0
Microsoft,42.0,948.0
Apple,42.0,1068.0
Apple,42.0,1080.0
Microsoft,42.0,876.0
IBM,42.0,960.0
Apple,42.0,876.0
IBM,42.0,936.0
Apple,42.0,1080.0
Microsoft,43.0,1032.0
IBM,43.0,1032.0
IBM,43.0,900.0
Microsoft,43.0,1008.0
Apple,43.0,936.0
Microsoft,43.0,960.0
Microsoft,43.0,1020.0
Apple,43.0,828.0
IBM,43.0,876.0
IBM,43.0,828.0
Apple,43.0,1020.0
Apple,43.0,1092.0
Apple,43.0,792.0
Apple,44.0,1032.0
Microsoft,44.0,780.0
IBM,44.0,960.0
IBM,44.0,1044.0
IBM,44.0,732.0
Apple,44.0,1080.0
Apple,44.0,792.0
IBM,44.0,984.0
IBM,44.0,1092.0
Microsoft,44.0,1080.0
Apple,44.0,792.0
Microsoft,44.0,984.0
Apple,44.0,744.0
Apple,44.0,744.0
IBM,45.0,948.0
IBM,45.0,720.0
Apple,45.0,936.0
Microsoft,45.0,1020.0
Microsoft,45.0,780.0
Apple,45.0,768.0
IBM,45.0,948.0
Apple,45.0,1032.0
Microsoft,45.0,744.0
Microsoft,45.0,876.0
Apple,45.0,960.0
Apple,45.0,1116.0
IBM,45.0,1032.0
IBM,45.0,1044.0
Microsoft,45.0,960.0
Microsoft,45.0,1092.0
IBM,45.0,948.0
IBM,45.0,792.0
Apple,45.0,840.0
IBM,45.0,924.0
IBM,45.0,948.0
Apple,45.0,960.0
IBM,45.0,1044.0
Microsoft,45.0,1056.0
IBM,46.0,1080.0
Apple,46.0,852.0
Apple,46.0,828.0
Apple,46.0,1092.0
IBM,46.0,780.0
IBM,46.0,780.0
IBM,46.0,936.0
IBM,46.0,960.0
IBM,46.0,888.0
IBM,46.0,1056.0
Apple,46.0,1080.0
IBM,46.0,1116.0
IBM,47.0,984.0
Apple,47.0,1116.0
IBM,47.0,804.0
Apple,47.0,852.0
IBM,47.0,1068.0
Microsoft,47.0,1116.0
Microsoft,47.0,1008.0
IBM,47.0,996.0
IBM,47.0,780.0
Microsoft,47.0,1080.0
Microsoft,47.0,1116.0
Microsoft,47.0,1008.0
Apple,47.0,804.0
IBM,47.0,888.0
Apple,47.0,960.0
Microsoft,48.0,1116.0
IBM,48.0,960.0
Apple,48.0,768.0
IBM,48.0,936.0
IBM,48.0,840.0
Apple,48.0,972.0
Microsoft,48.0,1020.0
IBM,48.0,900.0
Microsoft,48.0,1044.0
Microsoft,48.0,924.0
Apple,48.0,1104.0
Apple,48.0,852.0
Apple,48.0,828.0
Apple,48.0,852.0
Microsoft,49.0,888.0
Microsoft,49.0,984.0
Apple,49.0,756.0
Apple,49.0,960.0
Microsoft,49.0,996.0
Apple,49.0,816.0
Microsoft,49.0,888.0
Microsoft,49.0,960.0
Microsoft,49.0,984.0
Microsoft,49.0,828.0
Microsoft,49.0,1080.0
IBM,49.0,756.0
Apple,49.0,900.0
IBM,49.0,996.0
Apple,49.0,1080.0
IBM,49.0,828.0
IBM,50.0,876.0
Microsoft,50.0,984.0
Apple,50.0,888.0
Apple,50.0,960.0
Apple,50.0,1080.0
IBM,50.0,1104.0
Apple,50.0,732.0
Microsoft,50.0,1008.0
IBM,50.0,756.0
Microsoft,50.0,1068.0
Microsoft,50.0,984.0
Apple,50.0,972.0
Apple,50.0,1008.0
IBM,50.0,852.0
Microsoft,50.0,756.0
IBM,50.0,780.0
Microsoft,50.0,996.0
Microsoft,50.0,936.0
Apple,50.0,1140.0
Apple,50.0,972.0
Microsoft,50.0,1080.0
IBM,50.0,756.0
Apple,50.0,780.0
IBM,50.0,816.0
Apple,50.0,960.0
IBM,50.0,1020.0
IBM,50.0,1056.0
Microsoft,50.0,720.0
Microsoft,50.0,960.0
IBM,50.0,1032.0
Apple,50.0,1056.0
Apple,50.0,756.0
Apple,50.0,960.0
Apple,50.0,1020.0
Apple,50.0,1008.0
IBM,50.0,732.0
Microsoft,50.0,816.0
Microsoft,50.0,948.0
Microsoft,50.0,1008.0
IBM,50.0,1068.0
IBM,50.0,756.0
Microsoft,50.0,1020.0
Microsoft,50.0,840.0
Apple,50.0,888.0
IBM,50.0,1068.0
Apple,51.0,804.0
Apple,51.0,816.0
Apple,51.0,888.0
Microsoft,51.0,960.0
IBM,51.0,768.0
Microsoft,52.0,960.0
Apple,52.0,876.0
Microsoft,52.0,1128.0
Apple,52.0,1080.0
IBM,52.0,876.0
IBM,52.0,768.0
Microsoft,52.0,840.0
Microsoft,52.0,1020.0
Microsoft,52.0,828.0
Microsoft,52.0,780.0
Microsoft,52.0,1080.0
IBM,53.0,780.0
IBM,53.0,1056.0
IBM,53.0,1080.0
Apple,53.0,780.0
Apple,53.0,1044.0
Microsoft,53.0,1080.0
Microsoft,53.0,828.0
IBM,53.0,852.0
IBM,53.0,996.0
IBM,53.0,1068.0
Microsoft,53.0,1080.0
IBM,53.0,876.0
Apple,54.0,1080.0
IBM,54.0,960.0
Microsoft,54.0,960.0
Apple,54.0,1080.0
Microsoft,54.0,792.0
IBM,54.0,828.0
Microsoft,54.0,1056.0
Apple,54.0,912.0
IBM,54.0,900.0
Microsoft,54.0,876.0
Microsoft,54.0,1092.0
Apple,55.0,1008.0
Apple,55.0,1020.0
IBM,55.0,768.0
Microsoft,55.0,1044.0
IBM,55.0,1056.0
Microsoft,55.0,840.0
Microsoft,55.0,900.0
Apple,55.0,804.0
Microsoft,55.0,1104.0
Microsoft,55.0,924.0
Microsoft,55.0,1032.0
Microsoft,55.0,756.0
Apple,55.0,888.0
IBM,55.0,840.0
Apple,55.0,1008.0
Apple,55.0,1080.0
Microsoft,55.0,876.0
IBM,55.0,720.0
Microsoft,55.0,1080.0
Apple,55.0,720.0
IBM,55.0,1116.0
IBM,56.0,780.0
Microsoft,56.0,1020.0
Apple,56.0,888.0
Apple,56.0,840.0
Apple,56.0,936.0
IBM,56.0,804.0
IBM,56.0,960.0
Apple,57.0,984.0
IBM,57.0,1020.0
Apple,57.0,996.0
Microsoft,57.0,1104.0
Apple,57.0,1032.0
Apple,57.0,792.0
Apple,57.0,780.0
IBM,57.0,912.0
Microsoft,57.0,912.0
Apple,57.0,1128.0
Apple,57.0,1056.0
IBM,57.0,840.0
IBM,57.0,864.0
IBM,57.0,888.0
Microsoft,58.0,1104.0
Microsoft,58.0,984.0
Apple,58.0,1080.0
IBM,58.0,1080.0
Apple,58.0,1080.0
IBM,58.0,840.0
Apple,58.0,1044.0
Microsoft,58.0,828.0
IBM,58.0,876.0
Apple,58.0,1080.0
IBM,58.0,1116.0
IBM,58.0,828.0
Apple,58.0,924.0
Microsoft,58.0,840.0
Apple,58.0,984.0
Microsoft,58.0,852.0
IBM,59.0,1080.0
IBM,59.0,804.0
IBM,59.0,900.0
Microsoft,59.0,1104.0
Microsoft,59.0,720.0
Microsoft,59.0,720.0
IBM,59.0,780.0
IBM,59.0,780.0
Microsoft,59.0,960.0
Microsoft,59.0,960.0
IBM,59.0,996.0
Apple,59.0,900.0
Microsoft,59.0,816.0
Microsoft,59.0,1044.0
IBM,59.0,732.0
Microsoft,59.0,828.0
Microsoft,59.0,1068.0
IBM,60.0,900.0
IBM,60.0,840.0
IBM,60.0,984.0
Apple,60.0,1140.0
Apple,60.0,1140.0
Microsoft,60.0,1440.0
IBM,60.0,1296.0
IBM,60.0,1200.0
Microsoft,60.0,1440.0
Microsoft,60.0,1416.0
Microsoft,60.0,1200.0
Apple,60.0,1200.0
Microsoft,60.0,1260.0
IBM,60.0,1284.0
Apple,60.0,1200.0
Apple,60.0,1152.0
IBM,60.0,1284.0
Microsoft,60.0,1368.0
Microsoft,60.0,1164.0
Microsoft,60.0,1236.0
Microsoft,60.0,1164.0
Microsoft,60.0,1356.0
Apple,60.0,1176.0
Apple,60.0,1320.0
Apple,60.0,1236.0
Apple,60.0,1188.0
Apple,60.0,1260.0
IBM,60.0,1128.0
Microsoft,60.0,1188.0
Apple,61.0,1320.0
IBM,61.0,1332.0
Microsoft,61.0,1320.0
Microsoft,61.0,1452.0
IBM,61.0,1272.0
Microsoft,61.0,1440.0
Microsoft,61.0,1344.0
Apple,61.0,1176.0
IBM,61.0,1128.0
Apple,62.0,1320.0
Microsoft,62.0,1140.0
Apple,62.0,1152.0
Microsoft,62.0,1332.0
Apple,62.0,1368.0
Apple,62.0,1416.0
Apple,62.0,1248.0
Apple,62.0,1356.0
Microsoft,62.0,1272.0
IBM,62.0,1200.0
Apple,62.0,1200.0
Apple,62.0,1200.0
Microsoft,62.0,1260.0
Microsoft,62.0,1164.0
Apple,62.0,1140.0
Apple,62.0,1380.0
Microsoft,63.0,1416.0
Microsoft,63.0,1236.0
Microsoft,63.0,1200.0
IBM,63.0,1260.0
Microsoft,63.0,1188.0
Microsoft,63.0,1320.0
Microsoft,63.0,1392.0
IBM,63.0,1176.0
Apple,63.0,1332.0
IBM,63.0,1440.0
IBM,63.0,1392.0
Microsoft,63.0,1272.0
Microsoft,63.0,1440.0
Microsoft,63.0,1428.0
Microsoft,63.0,1200.0
IBM,63.0,1224.0
Apple,63.0,1284.0
Microsoft,63.0,1320.0
Microsoft,63.0,1176.0
Microsoft,63.0,1380.0
Microsoft,64.0,1200.0
IBM,64.0,1260.0
IBM,64.0,1224.0
Apple,64.0,1380.0
IBM,64.0,1452.0
Microsoft,64.0,1224.0
Microsoft,64.0,1200.0
Microsoft,64.0,1236.0
Apple,64.0,1440.0
Apple,64.0,1320.0
Apple,64.0,1368.0
Apple,64.0,1416.0
IBM,64.0,1440.0
Microsoft,64.0,1416.0
Apple,64.0,1320.0
IBM,65.0,1380.0
Microsoft,65.0,1368.0
IBM,65.0,1416.0
Apple,65.0,1176.0
Apple,65.0,1440.0
IBM,65.0,1344.0
IBM,65.0,1284.0
IBM,65.0,1296.0
Microsoft,65.0,1320.0
Microsoft,65.0,1200.0
IBM,65.0,1260.0
IBM,65.0,1428.0
Apple,65.0,1452.0
Apple,65.0,1236.0
Microsoft,65.0,1296.0
Microsoft,65.0,1260.0
Microsoft,65.0,1128.0
Microsoft,65.0,1332.0
Microsoft,65.0,1380.0
IBM,65.0,1164.0
Apple,65.0,1188.0
Apple,65.0,1284.0
Apple,65.0,1164.0
IBM,65.0,1440.0
IBM,65.0,1176.0
IBM,65.0,1392.0
Apple,65.0,1428.0
Microsoft,65.0,1440.0
Microsoft,65.0,1140.0
Apple,65.0,1176.0
Apple,65.0,1200.0
IBM,65.0,1140.0
IBM,65.0,1452.0
Apple,65.0,1140.0
Apple,65.0,1308.0
Apple,65.0,1416.0
Apple,65.0,1440.0
IBM,65.0,1236.0
IBM,65.0,1296.0
Microsoft,65.0,1344.0
Microsoft,65.0,1200.0
Microsoft,65.0,1272.0
Microsoft,65.0,1404.0
Microsoft,65.0,1380.0
IBM,65.0,1368.0
Apple,65.0,1236.0
Apple,65.0,1356.0
Microsoft,66.0,1296.0
IBM,66.0,1320.0
Apple,66.0,1320.0
Microsoft,66.0,1200.0
Apple,66.0,1260.0
Microsoft,66.0,1212.0
Apple,66.0,1380.0
Apple,66.0,1440.0
IBM,66.0,1188.0
Apple,67.0,1368.0
IBM,67.0,1176.0
Apple,67.0,1320.0
IBM,67.0,1368.0
Apple,67.0,1140.0
Microsoft,67.0,1404.0
Apple,67.0,1176.0
Microsoft,67.0,1344.0
Apple,67.0,1416.0
Microsoft,67.0,1428.0
Apple,67.0,1176.0
Apple,67.0,1344.0
Microsoft,67.0,1152.0
Apple,67.0,1140.0
Apple,67.0,1320.0
Microsoft,67.0,1140.0
Microsoft,67.0,1284.0
IBM,67.0,1368.0
IBM,67.0,1152.0
Microsoft,67.0,1164.0
IBM,67.0,1296.0
Apple,67.0,1380.0
Microsoft,67.0,1152.0
Apple,67.0,1224.0
Apple,68.0,1320.0
Microsoft,68.0,1440.0
Microsoft,68.0,1380.0
Microsoft,68.0,1404.0
Microsoft,68.0,1308.0
Microsoft,68.0,1440.0
Apple,68.0,1308.0
IBM,68.0,1176.0
Apple,68.0,1224.0
Microsoft,68.0,1284.0
Apple,68.0,1320.0
Apple,68.0,1308.0
IBM,68.0,1392.0
IBM,68.0,1392.0
IBM,68.0,1440.0
Apple,68.0,1224.0
Apple,68.0,1200.0
IBM,68.0,1440.0
Microsoft,68.0,1176.0
Microsoft,68.0,1176.0
Microsoft,68.0,1296.0
Apple,68.0,1320.0
IBM,68.0,1260.0
IBM,68.0,1380.0
Microsoft,68.0,1404.0
IBM,68.0,1428.0
Microsoft,68.0,1320.0
Apple,68.0,1452.0
IBM,68.0,1176.0
Apple,68.0,1200.0
Microsoft,68.0,1380.0
Apple,69.0,1440.0
Apple,69.0,1332.0
Apple,69.0,1344.0
Apple,69.0,1176.0
Apple,69.0,1416.0
Apple,69.0,1452.0
Microsoft,69.0,1320.0
Microsoft,69.0,1224.0
Microsoft,69.0,1284.0
IBM,69.0,1296.0
IBM,69.0,1452.0
Microsoft,69.0,1308.0
Microsoft,69.0,1152.0
Apple,69.0,1296.0
Apple,69.0,1212.0
Microsoft,69.0,1320.0
IBM,69.0,1380.0
Apple,69.0,1296.0
Apple,69.0,1380.0
IBM,69.0,1284.0
Microsoft,69.0,1440.0
IBM,69.0,1200.0
IBM,69.0,1212.0
IBM,69.0,1212.0
Microsoft,69.0,1260.0
IBM,70.0,1332.0
Microsoft,70.0,1128.0
Microsoft,70.0,1308.0
Apple,70.0,1344.0
Microsoft,70.0,1200.0
Microsoft,70.0,1248.0
IBM,70.0,1332.0
Apple,70.0,1356.0
Microsoft,70.0,1188.0
Microsoft,70.0,1416.0
Apple,70.0,1140.0
Microsoft,70.0,1260.0
Microsoft,70.0,1320.0
IBM,70.0,1392.0
Apple,70.0,1188.0
Apple,70.0,1236.0
Apple,70.0,1320.0
IBM,70.0,1260.0
IBM,70.0,1320.0
Apple,70.0,1428.0
Microsoft,70.0,1440.0
Microsoft,70.0,1128.0
IBM,70.0,1344.0
Apple,70.0,1152.0
IBM,70.0,1416.0
Apple,70.0,1332.0
IBM,70.0,1320.0
IBM,70.0,1380.0
Microsoft,70.0,1200.0
Microsoft,70.0,1140.0
Microsoft,70.0,1176.0
IBM,70.0,1344.0
IBM,70.0,1284.0
Apple,70.0,1440.0
IBM,70.0,1344.0
Apple,70.0,1428.0
IBM,70.0,1140.0
Apple,70.0,1176.0
IBM,70.0,1212.0
Microsoft,70.0,1344.0
Microsoft,70.0,1344.0
IBM,70.0,1392.0
IBM,70.0,1140.0
Microsoft,70.0,1296.0
IBM,70.0,1380.0
Apple,70.0,1380.0
Microsoft,70.0,1164.0
IBM,70.0,1296.0
IBM,71.0,1380.0
Microsoft,71.0,1320.0
Apple,71.0,1140.0
Apple,71.0,1224.0
Apple,71.0,1272.0
IBM,72.0,1320.0
Apple,72.0,1392.0
IBM,72.0,1140.0
Apple,72.0,1380.0
IBM,72.0,1200.0
Microsoft,72.0,1284.0
Microsoft,72.0,1404.0
Apple,72.0,1188.0
Apple,72.0,1200.0
Apple,72.0,1260.0
IBM,72.0,1320.0
Apple,72.0,1164.0
Microsoft,72.0,1320.0
IBM,72.0,1248.0
Apple,72.0,1452.0
Apple,72.0,1440.0
Apple,72.0,1248.0
IBM,72.0,1164.0
Microsoft,72.0,1200.0
Microsoft,72.0,1356.0
IBM,72.0,1176.0
IBM,72.0,1188.0
Apple,72.0,1176.0
Apple,72.0,1416.0
IBM,72.0,1164.0
Microsoft,72.0,1392.0
IBM,72.0,1404.0
Apple,72.0,1176.0
IBM,72.0,1380.0
IBM,73.0,1440.0
Microsoft,73.0,1200.0
Microsoft,73.0,1200.0
IBM,73.0,1356.0
IBM,73.0,1392.0
IBM,73.0,1428.0
Microsoft,73.0,1224.0
Microsoft,73.0,1416.0
IBM,73.0,1296.0
Apple,73.0,1344.0
Microsoft,73.0,1404.0
Microsoft,73.0,1200.0
Apple,73.0,1200.0
Apple,73.0,1404.0
IBM,73.0,1272.0
Apple,73.0,1236.0
Apple,73.0,1260.0
IBM,73.0,1440.0
Apple,73.0,1356.0
Microsoft,73.0,1356.0
Microsoft,73.0,1164.0
Apple,73.0,1404.0
IBM,73.0,1380.0
Apple,73.0,1200.0
IBM,73.0,1272.0
Apple,73.0,1200.0
Apple,73.0,1224.0
IBM,74.0,1428.0
Microsoft,74.0,1284.0
Microsoft,74.0,1380.0
Apple,74.0,1140.0
IBM,74.0,1248.0
Apple,74.0,1200.0
IBM,74.0,1380.0
Apple,74.0,1440.0
Apple,74.0,1260.0
IBM,74.0,1140.0
IBM,74.0,1440.0
Apple,74.0,1140.0
IBM,74.0,1428.0
Microsoft,74.0,1164.0
Apple,74.0,1380.0
IBM,74.0,1260.0
Microsoft,74.0,1200.0
Apple,75.0,1284.0
Apple,75.0,1200.0
Apple,75.0,1332.0
Apple,75.0,1320.0
Apple,75.0,1368.0
IBM,75.0,1320.0
Microsoft,75.0,1428.0
Microsoft,75.0,1380.0
Apple,75.0,1176.0
Microsoft,75.0,1164.0
Apple,75.0,1272.0
Apple,75.0,1272.0
Apple,75.0,1440.0
IBM,75.0,1392.0
IBM,75.0,1200.0
Apple,75.0,1236.0
Apple,75.0,1260.0
IBM,75.0,1416.0
Apple,75.0,1344.0
Microsoft,75.0,1416.0
Microsoft,75.0,1416.0
Microsoft,75.0,1416.0
IBM,75.0,1224.0
IBM,75.0,1404.0
IBM,75.0,1200.0
IBM,75.0,1212.0
Microsoft,75.0,1440.0
Microsoft,75.0,1452.0
Microsoft,75.0,1200.0
Apple,75.0,1284.0
IBM,75.0,1200.0
IBM,75.0,1344.0
Apple,75.0,1224.0
IBM,75.0,1404.0
IBM,75.0,1200.0
IBM,75.0,1284.0
IBM,75.0,1440.0
Apple,75.0,1140.0
Apple,75.0,1140.0
IBM,75.0,1152.0
IBM,75.0,1164.0
Apple,76.0,1332.0
Microsoft,76.0,1320.0
Apple,76.0,1344.0
Apple,76.0,1248.0
Apple,76.0,1200.0
IBM,76.0,1392.0
IBM,76.0,1152.0
IBM,76.0,1200.0
Microsoft,76.0,1416.0
Microsoft,76.0,1260.0
Apple,76.0,1200.0
IBM,76.0,1320.0
Microsoft,76.0,1440.0
Apple,76.0,1464.0
Microsoft,77.0,1728.0
Microsoft,77.0,1584.0
Apple,77.0,1524.0
Apple,77.0,1728.0
IBM,77.0,1692.0
IBM,77.0,1524.0
Microsoft,77.0,1524.0
Apple,77.0,1560.0
Apple,77.0,1560.0
Apple,77.0,1524.0
Apple,77.0,1476.0
Apple,77.0,1560.0
IBM,77.0,1680.0
Microsoft,77.0,1488.0
Apple,77.0,1560.0
IBM,77.0,1500.0
Apple,77.0,1656.0
Microsoft,77.0,1512.0
IBM,77.0,1656.0
IBM,77.0,1560.0
Microsoft,77.0,1536.0
Microsoft,77.0,1560.0
IBM,77.0,1464.0
Apple,77.0,1536.0
Apple,77.0,1608.0
IBM,77.0,1632.0
IBM,77.0,1644.0
Microsoft,77.0,1716.0
IBM,78.0,1560.0
IBM,78.0,1740.0
Apple,78.0,1632.0
IBM,78.0,1500.0
IBM,78.0,1476.0
Apple,78.0,1620.0
Microsoft,78.0,1464.0
Apple,78.0,1488.0
IBM,78.0,1656.0
Microsoft,78.0,1668.0
Apple,78.0,1680.0
IBM,78.0,1572.0
IBM,78.0,1644.0
Microsoft,78.0,1584.0
Microsoft,78.0,1524.0
Apple,78.0,1524.0
Apple,78.0,1524.0
Apple,78.0,1560.0
Apple,78.0,1500.0
Apple,78.0,1464.0
IBM,78.0,1680.0
IBM,78.0,1680.0
Apple,78.0,1560.0
IBM,78.0,1524.0
Apple,79.0,1584.0
Apple,79.0,1512.0
Apple,79.0,1620.0
Microsoft,79.0,1668.0
Apple,79.0,1512.0
Apple,79.0,1608.0
Microsoft,79.0,1728.0
Microsoft,79.0,1668.0
Apple,79.0,1560.0
IBM,79.0,1740.0
IBM,79.0,1740.0
Microsoft,79.0,1548.0
Microsoft,79.0,1560.0
IBM,79.0,1584.0
IBM,79.0,1620.0
Microsoft,79.0,1500.0
Microsoft,79.0,1668.0
Microsoft,79.0,1536.0
Microsoft,79.0,1572.0
IBM,79.0,1560.0
IBM,79.0,1680.0
IBM,79.0,1740.0
IBM,79.0,1524.0
Apple,80.0,1536.0
Microsoft,80.0,1560.0
IBM,80.0,1692.0
Microsoft,80.0,1572.0
Apple,80.0,1656.0
Microsoft,80.0,1680.0
Microsoft,80.0,1728.0
Microsoft,80.0,1680.0
Microsoft,80.0,1596.0
IBM,80.0,1680.0
IBM,80.0,1680.0
IBM,80.0,1704.0
IBM,80.0,1500.0
Microsoft,80.0,1728.0
Apple,80.0,1596.0
Microsoft,80.0,1572.0
Microsoft,80.0,1584.0
Microsoft,80.0,1620.0
Apple,80.0,1536.0
Apple,80.0,1596.0
IBM,80.0,1704.0
IBM,80.0,1716.0
Apple,80.0,1560.0
Microsoft,80.0,1608.0
Apple,80.0,1560.0
Apple,80.0,1476.0
Apple,80.0,1644.0
IBM,80.0,1680.0
IBM,80.0,1476.0
Microsoft,80.0,1500.0
Apple,80.0,1572.0
Apple,80.0,1500.0
Apple,80.0,1740.0
Microsoft,80.0,1512.0
IBM,80.0,1680.0
IBM,80.0,1680.0
Apple,80.0,1716.0
IBM,80.0,1464.0
Microsoft,80.0,1512.0
Apple,80.0,1536.0
Apple,80.0,1464.0
IBM,81.0,1716.0
Apple,81.0,1476.0
IBM,81.0,1584.0
Apple,81.0,1680.0
Apple,81.0,1716.0
Apple,81.0,1560.0
IBM,81.0,1620.0
Apple,81.0,1620.0
Microsoft,81.0,1548.0
Apple,81.0,1584.0
Apple,81.0,1692.0
Apple,81.0,1668.0
Apple,81.0,1680.0
Apple,81.0,1560.0
Apple,82.0,1656.0
Microsoft,82.0,1572.0
Apple,82.0,1620.0
IBM,82.0,1656.0
Apple,82.0,1524.0
IBM,82.0,1560.0
Microsoft,82.0,1512.0
Microsoft,82.0,1656.0
Apple,82.0,1740.0
Microsoft,82.0,1524.0
IBM,82.0,1680.0
IBM,82.0,1500.0
Microsoft,82.0,1608.0
Apple,82.0,1680.0
IBM,82.0,1464.0
IBM,82.0,1692.0
Apple,82.0,1488.0
Microsoft,82.0,1620.0
Apple,82.0,1740.0
IBM,82.0,1728.0
Microsoft,82.0,1500.0
Apple,82.0,1620.0
Apple,82.0,1476.0
IBM,82.0,1476.0
Microsoft,82.0,1620.0
Microsoft,82.0,1464.0
Microsoft,82.0,1584.0
IBM,83.0,1644.0
Microsoft,83.0,1488.0
Apple,83.0,1488.0
Apple,83.0,1584.0
IBM,83.0,1680.0
Microsoft,83.0,1500.0
Microsoft,83.0,1560.0
Microsoft,83.0,1620.0
Microsoft,83.0,1740.0
IBM,83.0,1668.0
Microsoft,83.0,1704.0
Apple,83.0,1620.0
Apple,83.0,1740.0
Apple,83.0,1584.0
Apple,83.0,1500.0
Apple,83.0,1524.0
Apple,83.0,1572.0
IBM,83.0,1596.0
Apple,83.0,1596.0
IBM,83.0,1680.0
Apple,83.0,1680.0
Apple,83.0,1704.0
Apple,83.0,1524.0
IBM,83.0,1536.0
Apple,83.0,1704.0
Apple,83.0,1500.0
Microsoft,84.0,1512.0
Apple,84.0,1572.0
Apple,84.0,1620.0
IBM,84.0,1560.0
Apple,84.0,1692.0
IBM,84.0,1680.0
IBM,84.0,1728.0
IBM,84.0,1656.0
Microsoft,84.0,1728.0
Apple,84.0,1500.0
Apple,84.0,1548.0
IBM,84.0,1680.0
Microsoft,84.0,1704.0
Apple,84.0,1608.0
IBM,84.0,1644.0
Apple,84.0,1500.0
Apple,84.0,1728.0
Apple,84.0,1704.0
Apple,84.0,1632.0
Apple,84.0,1536.0
Apple,84.0,1572.0
Apple,85.0,1620.0
Apple,85.0,1728.0
IBM,85.0,1620.0
Microsoft,85.0,1500.0
Microsoft,85.0,1572.0
Microsoft,85.0,1536.0
Microsoft,85.0,1656.0
Apple,85.0,1680.0
Apple,85.0,1572.0
Apple,85.0,1680.0
Microsoft,85.0,1560.0
Apple,85.0,1740.0
Apple,85.0,1536.0
Microsoft,85.0,1524.0
Apple,85.0,1548.0
IBM,85.0,1560.0
IBM,85.0,1620.0
Microsoft,85.0,1464.0
Apple,85.0,1608.0
Apple,85.0,1656.0
Apple,85.0,1512.0
Apple,85.0,1560.0
Apple,85.0,1620.0
Apple,85.0,1632.0
Apple,85.0,1500.0
Microsoft,85.0,1704.0
Apple,85.0,1476.0
Apple,85.0,1560.0
Apple,85.0,1632.0
Apple,85.0,1692.0
Apple,85.0,1524.0
Apple,85.0,1560.0
Apple,85.0,1596.0
IBM,85.0,1560.0
IBM,85.0,1632.0
IBM,85.0,1728.0
Apple,85.0,1704.0
Microsoft,85.0,1476.0
Apple,85.0,1632.0
Apple,85.0,1464.0
Apple,86.0,1680.0
Apple,86.0,1620.0
IBM,86.0,1644.0
Apple,86.0,1632.0
Apple,86.0,1548.0
IBM,86.0,1476.0
Microsoft,86.0,1512.0
Apple,86.0,1620.0
Apple,86.0,1584.0
IBM,87.0,1728.0
Microsoft,87.0,1632.0
Microsoft,87.0,1704.0
Microsoft,87.0,1476.0
IBM,87.0,1500.0
IBM,87.0,1524.0
Apple,87.0,1632.0
Microsoft,87.0,1632.0
Apple,87.0,1680.0
Microsoft,87.0,1464.0
Apple,87.0,1620.0
Apple,87.0,1680.0
IBM,87.0,1680.0
Microsoft,87.0,1488.0
Microsoft,87.0,1608.0
Apple,87.0,1656.0
Apple,87.0,1656.0
Apple,87.0,1464.0
IBM,87.0,1524.0
Microsoft,87.0,1584.0
Microsoft,87.0,1644.0
Microsoft,87.0,1680.0
Apple,87.0,1464.0
Apple,87.0,1644.0
IBM,87.0,1512.0
IBM,87.0,1572.0
Microsoft,87.0,1680.0
Microsoft,87.0,1500.0
IBM,87.0,1536.0
IBM,87.0,1560.0
Microsoft,87.0,1596.0
Apple,87.0,1476.0
Apple,88.0,1608.0
Apple,88.0,1560.0
IBM,88.0,1716.0
Microsoft,88.0,1740.0
IBM,88.0,1560.0
IBM,88.0,1488.0
IBM,88.0,1536.0
Microsoft,88.0,1644.0
IBM,88.0,1488.0
IBM,88.0,1524.0
Microsoft,88.0,1512.0
Apple,88.0,1680.0
Apple,88.0,1476.0
Apple,88.0,1680.0
IBM,88.0,1680.0
IBM,88.0,1512.0
Apple,88.0,1680.0
Apple,88.0,1680.0
Apple,88.0,1536.0
Apple,88.0,1536.0
Apple,88.0,1644.0
Microsoft,88.0,1680.0
Apple,88.0,1728.0
IBM,88.0,1560.0
Apple,88.0,1716.0
Apple,88.0,1596.0
Apple,89.0,1620.0
Apple,89.0,1680.0
Microsoft,89.0,1500.0
IBM,89.0,1524.0
IBM,89.0,1680.0
Microsoft,89.0,1572.0
Microsoft,89.0,1560.0
IBM,89.0,1560.0
Apple,89.0,1716.0
Apple,89.0,1632.0
IBM,89.0,1656.0
Microsoft,89.0,1500.0
IBM,89.0,1680.0
IBM,89.0,1680.0
IBM,89.0,1524.0
IBM,89.0,1560.0
Microsoft,89.0,1536.0
Microsoft,89.0,1524.0
Microsoft,89.0,1740.0
Apple,89.0,1572.0
Apple,89.0,1668.0
Apple,89.0,1464.0
IBM,89.0,1560.0
Apple,89.0,1548.0
Apple,89.0,1668.0
IBM,89.0,1740.0
Apple,89.0,1560.0
IBM,89.0,1476.0
Microsoft,89.0,1704.0
Apple,89.0,1464.0
IBM,89.0,1740.0
IBM,89.0,1488.0
Apple,89.0,1680.0
Microsoft,89.0,1560.0
IBM,89.0,1524.0
Microsoft,89.0,1572.0
Microsoft,89.0,1512.0
IBM,89.0,1608.0
IBM,89.0,1632.0
Apple,90.0,1668.0
Apple,90.0,1668.0
Microsoft,90.0,1740.0
Apple,90.0,1680.0
IBM,90.0,1500.0
Microsoft,90.0,1500.0
Microsoft,90.0,1560.0
IBM,90.0,1584.0
IBM,90.0,1740.0
IBM,90.0,1680.0
Apple,90.0,1536.0
Microsoft,90.0,1560.0
Apple,90.0,1560.0
IBM,90.0,1740.0
Apple,90.0,1632.0
IBM,90.0,1692.0
IBM,90.0,1680.0
IBM,90.0,1680.0
Apple,90.0,1524.0
Apple,90.0,1668.0
Apple,90.0,1524.0
IBM,90.0,1548.0
IBM,90.0,1716.0
Apple,90.0,1704.0
Apple,90.0,1524.0
Apple,90.0,1584.0
IBM,90.0,1536.0
IBM,90.0,1644.0
Apple,90.0,1548.0
Microsoft,90.0,1680.0
Microsoft,90.0,1536.0
Microsoft,90.0,1560.0
Microsoft,90.0,1704.0
IBM,90.0,1452.0
IBM,90.0,1476.0
IBM,90.0,1488.0
Apple,90.0,1488.0
Apple,90.0,1620.0
Apple,90.0,1620.0
Apple,90.0,1668.0
Apple,90.0,1572.0
Apple,90.0,1512.0
Microsoft,90.0,1668.0
Microsoft,90.0,1476.0
Apple,90.0,1536.0
Apple,90.0,1680.0
IBM,90.0,1572.0
IBM,90.0,1536.0
Microsoft,90.0,1644.0
Microsoft,90.0,1704.0
IBM,90.0,1740.0
Microsoft,90.0,2004.0
Apple,91.0,1884.0
Microsoft,91.0,1812.0
IBM,91.0,1980.0
IBM,91.0,1968.0
Microsoft,92.0,1800.0
Apple,92.0,1800.0
Microsoft,92.0,1860.0
IBM,92.0,1860.0
Apple,92.0,1800.0
IBM,92.0,1752.0
IBM,92.0,1860.0
IBM,92.0,1932.0
Microsoft,92.0,1776.0
Microsoft,92.0,1848.0
Apple,92.0,1776.0
IBM,92.0,1920.0
Microsoft,92.0,1800.0
Apple,92.0,1920.0
IBM,92.0,1836.0
Microsoft,92.0,1800.0
Apple,92.0,1860.0
Apple,92.0,1764.0
Microsoft,92.0,1800.0
Apple,92.0,1884.0
Apple,92.0,1920.0
Apple,92.0,1920.0
IBM,92.0,2016.0
IBM,92.0,1860.0
IBM,93.0,1980.0
IBM,93.0,1920.0
Apple,93.0,1788.0
IBM,93.0,1764.0
Microsoft,93.0,1884.0
Apple,93.0,1752.0
Apple,93.0,1776.0
Apple,93.0,1920.0
Apple,93.0,1920.0
Apple,93.0,1956.0
Microsoft,93.0,1848.0
Apple,93.0,1920.0
IBM,93.0,1908.0
Apple,93.0,1800.0
Microsoft,93.0,1800.0
Microsoft,93.0,1800.0
Apple,93.0,1836.0
Apple,93.0,1764.0
IBM,93.0,1752.0
Apple,93.0,1980.0
Apple,93.0,1848.0
Apple,93.0,1788.0
Microsoft,94.0,1896.0
Microsoft,94.0,1800.0
Apple,94.0,1896.0
IBM,94.0,1920.0
Apple,94.0,1788.0
Microsoft,94.0,1920.0
Apple,94.0,1992.0
IBM,94.0,1920.0
Apple,94.0,1860.0
Microsoft,94.0,1980.0
Apple,95.0,1980.0
Microsoft,95.0,1824.0
IBM,95.0,1836.0
IBM,95.0,1884.0
IBM,95.0,1920.0
IBM,95.0,1800.0
Apple,95.0,1920.0
Apple,95.0,1800.0
Microsoft,95.0,1896.0
IBM,95.0,1824.0
Microsoft,95.0,1944.0
Microsoft,95.0,2028.0
Apple,95.0,1800.0
Microsoft,95.0,1812.0
IBM,95.0,1824.0
IBM,95.0,1980.0
IBM,95.0,1872.0
IBM,95.0,1920.0
IBM,95.0,1968.0
Microsoft,95.0,1980.0
Apple,95.0,1968.0
IBM,95.0,1908.0
IBM,95.0,1920.0
IBM,95.0,1944.0
IBM,95.0,1968.0
IBM,95.0,1788.0
Apple,95.0,1980.0
Microsoft,95.0,1908.0
Microsoft,95.0,1848.0
IBM,95.0,1872.0
IBM,95.0,1920.0
IBM,95.0,1812.0
Apple,95.0,1872.0
Apple,95.0,2004.0
Apple,95.0,2016.0
IBM,95.0,1848.0
Microsoft,95.0,1896.0
Apple,95.0,1824.0
Apple,96.0,1752.0
IBM,96.0,1920.0
Apple,96.0,1932.0
IBM,96.0,1776.0
Apple,96.0,1800.0
IBM,96.0,1860.0
IBM,96.0,1776.0
IBM,96.0,2004.0
Microsoft,96.0,1800.0
Apple,96.0,1932.0
Apple,96.0,1968.0
Apple,96.0,2004.0
Apple,96.0,1764.0
Microsoft,96.0,1800.0
IBM,96.0,1824.0
IBM,96.0,1752.0
IBM,96.0,2016.0
IBM,97.0,1764.0
IBM,97.0,1884.0
Apple,97.0,1968.0
Microsoft,97.0,1980.0
Microsoft,97.0,1824.0
Apple,97.0,1884.0
Microsoft,97.0,1908.0
Apple,97.0,1824.0
IBM,97.0,1872.0
IBM,97.0,1956.0
Microsoft,97.0,1920.0
Apple,97.0,1920.0
IBM,97.0,1836.0
IBM,97.0,1920.0
Apple,97.0,1896.0
IBM,97.0,1908.0
Microsoft,98.0,1920.0
IBM,98.0,1800.0
Microsoft,98.0,1836.0
Apple,98.0,1800.0
IBM,98.0,1920.0
Microsoft,98.0,2004.0
Microsoft,98.0,1800.0
Apple,98.0,1920.0
Apple,98.0,1788.0
Microsoft,98.0,1920.0
Microsoft,98.0,1920.0
IBM,98.0,1740.0
IBM,98.0,1944.0
Microsoft,98.0,1764.0
IBM,98.0,1920.0
IBM,98.0,2004.0
IBM,98.0,2004.0
Microsoft,98.0,1776.0
IBM,98.0,1920.0
Apple,98.0,1764.0
Microsoft,98.0,1764.0
Apple,98.0,1896.0
IBM,98.0,1740.0
Apple,98.0,1872.0
Apple,98.0,1920.0
IBM,98.0,1776.0
IBM,98.0,1776.0
IBM,99.0,1872.0
Apple,99.0,1944.0
Apple,99.0,1764.0
Apple,99.0,1824.0
Apple,99.0,1884.0
Microsoft,99.0,2004.0
Microsoft,99.0,1920.0
IBM,99.0,1944.0
Microsoft,99.0,1872.0
Microsoft,99.0,1992.0
Apple,99.0,1860.0
IBM,99.0,1776.0
Apple,99.0,1788.0
Microsoft,99.0,1884.0
Microsoft,99.0,1896.0
IBM,99.0,1884.0
Apple,99.0,1920.0
Microsoft,99.0,1944.0
IBM,99.0,1980.0
Microsoft,100.0,1800.0
Microsoft,100.0,1800.0
Apple,100.0,2004.0
IBM,100.0,1776.0
IBM,100.0,1788.0
Apple,100.0,1884.0
IBM,100.0,1896.0
Apple,100.0,1848.0
IBM,100.0,1980.0
IBM,100.0,2040.0
Microsoft,100.0,1920.0
Microsoft,100.0,2040.0
Microsoft,100.0,1800.0
Microsoft,100.0,1800.0
Apple,100.0,1944.0
IBM,100.0,1992.0
Microsoft,100.0,1920.0
IBM,100.0,1920.0
IBM,100.0,1788.0
IBM,100.0,1980.0
Microsoft,100.0,2016.0
Microsoft,100.0,1920.0
IBM,100.0,1800.0
Microsoft,100.0,1860.0
IBM,100.0,1896.0
Apple,100.0,2016.0
IBM,100.0,1896.0
IBM,100.0,1776.0
Apple,100.0,1860.0
Microsoft,100.0,1824.0
Microsoft,100.0,1920.0
Apple,100.0,1932.0
IBM,100.0,1860.0
IBM,100.0,1920.0
Apple,100.0,1872.0
Apple,100.0,2004.0
IBM,100.0,1812.0
IBM,100.0,1800.0
Apple,100.0,1824.0
IBM,100.0,1848.0
IBM,100.0,1908.0
Apple,100.0,1764.0
IBM,100.0,1872.0
Apple,100.0,1920.0
IBM,100.0,1800.0
Microsoft,100.0,1848.0
IBM,101.0,1908.0
Apple,101.0,1920.0
Apple,101.0,1800.0
IBM,101.0,1968.0
IBM,101.0,1764.0
Apple,102.0,1836.0
Apple,102.0,1920.0
IBM,102.0,1800.0
Apple,102.0,1848.0
Microsoft,102.0,1920.0
Microsoft,102.0,1824.0
IBM,102.0,1872.0
IBM,102.0,1980.0
Microsoft,102.0,1980.0
Microsoft,102.0,1764.0
Microsoft,102.0,1920.0
Apple,102.0,1764.0
Apple,102.0,1956.0
Apple,102.0,1920.0
IBM,102.0,1920.0
IBM,102.0,1920.0
Apple,102.0,1824.0
Microsoft,102.0,1764.0
Apple,102.0,1800.0
Apple,102.0,1920.0
Apple,102.0,1884.0
Microsoft,102.0,2016.0
Apple,102.0,1908.0
Apple,103.0,1980.0
Apple,103.0,1764.0
Microsoft,103.0,1788.0
Microsoft,103.0,1800.0
Apple,103.0,1908.0
Apple,103.0,1920.0
IBM,103.0,1944.0
Microsoft,103.0,1752.0
IBM,104.0,1884.0
Microsoft,104.0,1920.0
IBM,104.0,1776.0
Microsoft,104.0,1872.0
Microsoft,104.0,1932.0
Apple,104.0,1908.0
IBM,105.0,1740.0
IBM,105.0,1800.0
Microsoft,105.0,1896.0
IBM,105.0,1920.0
Microsoft,105.0,1944.0
Apple,105.0,1752.0
IBM,105.0,1920.0
IBM,105.0,1812.0
Apple,105.0,1848.0
Microsoft,105.0,1944.0
Apple,105.0,1800.0
IBM,105.0,1800.0
Apple,105.0,1860.0
IBM,105.0,1884.0
IBM,105.0,1788.0
IBM,105.0,1920.0
IBM,105.0,1848.0
Apple,105.0,2016.0
IBM,105.0,1980.0
Apple,105.0,1824.0
IBM,105.0,1776.0
IBM,105.0,1800.0
Microsoft,105.0,1932.0
Microsoft,105.0,1764.0
Apple,105.0,1800.0
Microsoft,105.0,1788.0
Apple,105.0,1968.0
IBM,105.0,1776.0
Microsoft,105.0,1944.0
Microsoft,105.0,1968.0
Microsoft,105.0,1788.0
IBM,105.0,1932.0
IBM,105.0,1980.0
Microsoft,105.0,1800.0
IBM,105.0,1824.0
IBM,105.0,1932.0
Apple,105.0,1956.0
IBM,105.0,1980.0
Apple,105.0,1824.0
IBM,105.0,1980.0
IBM,105.0,1884.0
Apple,106.0,1908.0
Apple,106.0,1968.0
IBM,106.0,1800.0
Microsoft,106.0,1800.0
Microsoft,106.0,1872.0
IBM,106.0,1836.0
IBM,106.0,1836.0
IBM,106.0,1980.0
Apple,106.0,1920.0
Apple,106.0,1920.0
IBM,106.0,1776.0
Microsoft,106.0,1920.0
IBM,106.0,1956.0
Apple,106.0,1800.0
IBM,106.0,1860.0
IBM,106.0,1812.0
Microsoft,106.0,1800.0
IBM,107.0,2004.0
Microsoft,107.0,1884.0
IBM,107.0,1932.0
IBM,107.0,1764.0
Apple,107.0,1824.0
IBM,107.0,1812.0
Apple,107.0,1932.0
IBM,107.0,1980.0
Apple,107.0,1824.0
Apple,107.0,1740.0
Apple,107.0,1980.0
Microsoft,107.0,1704.0
Apple,107.0,2004.0
IBM,107.0,1776.0
IBM,108.0,1932.0
Apple,108.0,1836.0
Apple,108.0,1800.0
Apple,108.0,1872.0
Microsoft,108.0,1800.0
Microsoft,108.0,1872.0
Apple,108.0,1920.0
IBM,108.0,1932.0
Apple,108.0,1920.0
Apple,108.0,1980.0
Microsoft,108.0,1920.0
IBM,108.0,1788.0
Apple,108.0,1776.0
IBM,108.0,1860.0
Microsoft,108.0,1896.0
Microsoft,108.0,2016.0
Apple,108.0,1956.0
Apple,108.0,1812.0
Apple,108.0,1848.0
Microsoft,109.0,1848.0
IBM,109.0,1980.0
Apple,109.0,1920.0
Apple,109.0,1956.0
IBM,109.0,1968.0
Apple,109.0,1980.0
IBM,109.0,1800.0
IBM,109.0,1932.0
Microsoft,109.0,1800.0
Apple,109.0,1812.0
IBM,109.0,1980.0
Microsoft,109.0,2040.0
Apple,109.0,1800.0
IBM,109.0,1908.0
Microsoft,109.0,1824.0
Microsoft,109.0,1920.0
IBM,109.0,1824.0
Apple,109.0,1944.0
IBM,109.0,1800.0
IBM,109.0,1848.0
IBM,109.0,2004.0
Microsoft,109.0,1716.0
Apple,109.0,1752.0
Microsoft,109.0,1776.0
IBM,110.0,1776.0
Apple,110.0,1872.0
Microsoft,110.0,1896.0
Apple,110.0,1920.0
Apple,110.0,1860.0
Apple,110.0,1800.0
Microsoft,110.0,1920.0
Microsoft,110.0,1752.0
Apple,110.0,1800.0
Apple,110.0,1968.0
IBM,110.0,1860.0
Apple,110.0,1800.0
Apple,110.0,1920.0
Microsoft,110.0,2040.0
Apple,110.0,2016.0
Apple,110.0,2160.0
Microsoft,110.0,2107.0
IBM,110.0,2082.0
Microsoft,110.0,2160.0
IBM,110.0,2136.0
Apple,110.0,2078.0
IBM,110.0,2080.0
IBM,110.0,2102.0
Microsoft,110.0,2102.0
Microsoft,110.0,2079.0
Microsoft,110.0,2040.0
Microsoft,110.0,2106.0
IBM,110.0,2118.0
IBM,110.0,2040.0
Apple,110.0,2097.0
Apple,110.0,2040.0
Microsoft,110.0,2117.0
IBM,110.0,2078.0
Apple,111.0,2116.0
IBM,111.0,2098.0
Microsoft,111.0,2052.0
Microsoft,111.0,2100.0
IBM,111.0,2040.0
Microsoft,111.0,2077.0
IBM,112.0,2108.0
IBM,112.0,2112.0
Apple,112.0,2113.0
Apple,112.0,2160.0
IBM,112.0,2100.0
Apple,112.0,2160.0
Apple,112.0,2114.0
IBM,112.0,2052.0
Apple,112.0,2028.0
IBM,112.0,2109.0
Apple,113.0,2040.0
IBM,113.0,2040.0
Microsoft,113.0,2112.0
Microsoft,113.0,2124.0
Microsoft,113.0,2148.0
IBM,113.0,2100.0
IBM,113.0,2116.0
IBM,113.0,2104.0
Apple,113.0,2080.0
IBM,113.0,2076.0
IBM,113.0,2064.0
Microsoft,113.0,2098.0
Apple,113.0,2040.0
Apple,113.0,2016.0
Apple,113.0,2148.0
Apple,114.0,2160.0
IBM,114.0,2097.0
IBM,114.0,2077.0
Microsoft,114.0,2102.0
Apple,114.0,2077.0
IBM,114.0,2107.0
IBM,114.0,2124.0
Apple,114.0,2052.0
Microsoft,115.0,2112.0
Apple,115.0,2160.0
Microsoft,115.0,2124.0
Microsoft,115.0,2100.0
IBM,115.0,2160.0
Apple,115.0,2160.0
Apple,115.0,2097.0
Apple,115.0,2095.0
IBM,115.0,2102.0
Apple,115.0,2112.0
Microsoft,115.0,2077.0
Microsoft,115.0,2119.0
Microsoft,115.0,2064.0
Apple,115.0,2106.0
Apple,115.0,2097.0
Microsoft,115.0,2136.0
Apple,115.0,2160.0
Apple,115.0,2078.0
IBM,115.0,2081.0
IBM,115.0,2095.0
Apple,115.0,2160.0
Apple,115.0,2106.0
Apple,115.0,2118.0
Microsoft,115.0,2160.0
IBM,115.0,2160.0
IBM,115.0,2148.0
Apple,115.0,2114.0
IBM,115.0,2124.0
IBM,115.0,2124.0
IBM,115.0,2136.0
Apple,115.0,2040.0
IBM,115.0,2160.0
IBM,115.0,2109.0
IBM,115.0,2102.0
Apple,115.0,2104.0
IBM,115.0,2112.0
IBM,115.0,2080.0
IBM,115.0,2105.0
Apple,115.0,2160.0
Microsoft,116.0,2160.0
IBM,116.0,2099.0
Apple,116.0,2107.0
IBM,116.0,2098.0
IBM,116.0,2016.0
IBM,116.0,2113.0
IBM,117.0,2124.0
Microsoft,117.0,2040.0
Microsoft,117.0,2052.0
IBM,117.0,2106.0
Apple,117.0,2040.0
Apple,117.0,2160.0
IBM,117.0,2076.0
Microsoft,117.0,2119.0
IBM,117.0,2160.0
Microsoft,117.0,2160.0
Microsoft,117.0,2016.0
IBM,117.0,2076.0
Apple,117.0,2081.0
Microsoft,117.0,2004.0
Apple,117.0,2160.0
Apple,117.0,2040.0
Apple,117.0,2107.0
Apple,118.0,2148.0
Microsoft,118.0,2160.0
Microsoft,118.0,2095.0
IBM,118.0,2108.0
Apple,118.0,2110.0
Microsoft,118.0,2096.0
IBM,118.0,2100.0
Apple,118.0,2160.0
Apple,118.0,2117.0
Microsoft,118.0,2119.0
IBM,118.0,2100.0
Apple,118.0,2117.0
IBM,118.0,2107.0
Microsoft,118.0,2109.0
Apple,118.0,2112.0
Microsoft,118.0,2082.0
Apple,118.0,2098.0
IBM,118.0,2052.0
Microsoft,118.0,2118.0
Microsoft,118.0,2160.0
Microsoft,118.0,2064.0
Apple,119.0,2118.0
Apple,119.0,2078.0
Microsoft,119.0,2110.0
Apple,119.0,2124.0
Apple,119.0,2016.0
Microsoft,119.0,2136.0
Apple,119.0,2052.0
Apple,119.0,2114.0
Apple,119.0,2160.0
IBM,119.0,2160.0
Microsoft,119.0,2040.0
Microsoft,119.0,2112.0
Microsoft,119.0,2040.0
IBM,119.0,2016.0
IBM,119.0,2108.0
Apple,119.0,2040.0
Apple,119.0,2100.0
Microsoft,119.0,2117.0
IBM,119.0,2040.0
IBM,119.0,2040.0
IBM,120.0,2107.0
IBM,120.0,2119.0
Apple,120.0,2040.0
Apple,120.0,2097.0
Microsoft,120.0,2108.0
Apple,120.0,2160.0
Apple,120.0,2220.0
Microsoft,120.0,2136.0
Microsoft,120.0,2107.0
IBM,120.0,2160.0
Apple,120.0,2107.0
IBM,120.0,2052.0
IBM,120.0,2079.0
Apple,120.0,2107.0
IBM,120.0,2107.0
Apple,120.0,2109.0
Microsoft,120.0,2124.0
Microsoft,120.0,2124.0
Apple,120.0,2160.0
Microsoft,120.0,2082.0
Apple,120.0,2081.0
Apple,120.0,2160.0
Apple,120.0,2040.0
Apple,120.0,2076.0
IBM,120.0,2107.0
Microsoft,120.0,2108.0
Microsoft,120.0,2098.0
IBM,120.0,2136.0
Apple,120.0,2160.0
IBM,120.0,2160.0
Apple,120.0,2112.0
IBM,120.0,2160.0
IBM,120.0,2076.0
Microsoft,120.0,2081.0
IBM,120.0,2148.0
Apple,120.0,2160.0
Microsoft,120.0,2112.0
Apple,120.0,2116.0
IBM,121.0,2040.0
Apple,121.0,2160.0
Microsoft,121.0,2160.0
IBM,121.0,2114.0
Apple,122.0,2052.0
Microsoft,122.0,2105.0
IBM,122.0,2107.0
IBM,122.0,2172.0
IBM,122.0,2107.0
Microsoft,122.0,2040.0
Microsoft,122.0,2105.0
Microsoft,122.0,2097.0
Apple,122.0,2114.0
Apple,123.0,2124.0
IBM,123.0,2102.0
Microsoft,123.0,2119.0
Apple,123.0,2106.0
Apple,123.0,2160.0
Microsoft,123.0,2096.0
IBM,123.0,2079.0
Microsoft,123.0,2096.0
Apple,123.0,2099.0
IBM,123.0,2115.0
Apple,123.0,2016.0
Apple,123.0,2107.0
Apple,123.0,2115.0
IBM,124.0,2078.0
Microsoft,124.0,2100.0
Apple,124.0,2110.0
IBM,124.0,2116.0
Microsoft,124.0,2079.0
IBM,124.0,2136.0
Apple,124.0,2040.0
IBM,124.0,2100.0
IBM,124.0,2116.0
IBM,125.0,2136.0
IBM,125.0,2078.0
Microsoft,125.0,2095.0
Microsoft,125.0,2115.0
IBM,125.0,2099.0
Microsoft,125.0,2107.0
IBM,125.0,2160.0
Apple,125.0,2160.0
Microsoft,125.0,2004.0
Microsoft,125.0,2112.0
Microsoft,125.0,2040.0
IBM,125.0,2148.0
IBM,125.0,2113.0
IBM,125.0,2114.0
Microsoft,125.0,2117.0
Apple,125.0,2095.0
IBM,125.0,2028.0
Apple,125.0,2076.0
Apple,125.0,2113.0
Apple,125.0,2100.0
Apple,125.0,2160.0
IBM,125.0,2113.0
Microsoft,125.0,2160.0
Microsoft,125.0,2040.0
Microsoft,125.0,2040.0
IBM,125.0,2078.0
Apple,125.0,2112.0
Apple,125.0,2114.0
Microsoft,125.0,2136.0
Apple,125.0,2016.0
IBM,125.0,2107.0
IBM,125.0,2124.0
IBM,125.0,2148.0
Apple,125.0,2040.0
IBM,125.0,2108.0
IBM,126.0,2118.0
IBM,126.0,2113.0
Microsoft,126.0,2016.0
Microsoft,126.0,2076.0
Apple,126.0,2100.0
IBM,127.0,2112.0
Microsoft,127.0,2136.0
Apple,127.0,2040.0
Apple,127.0,2118.0
Apple,127.0,2079.0
IBM,127.0,2104.0
Microsoft,127.0,2124.0
Microsoft,127.0,2076.0
IBM,127.0,2076.0
Apple,127.0,2106.0
IBM,127.0,2107.0
Apple,127.0,2040.0
Apple,127.0,2112.0
Microsoft,127.0,2100.0
Microsoft,127.0,2160.0
Microsoft,127.0,2160.0
IBM,128.0,2099.0
IBM,128.0,2040.0
Microsoft,128.0,2079.0
Apple,128.0,2116.0
Apple,128.0,2040.0
Microsoft,128.0,2064.0
Microsoft,128.0,2076.0
Microsoft,128.0,2148.0
IBM,128.0,2040.0
IBM,128.0,2124.0
Microsoft,128.0,2160.0
Microsoft,128.0,2052.0
IBM,128.0,2124.0
Apple,128.0,2160.0
IBM,128.0,2052.0
Apple,128.0,2096.0
IBM,128.0,2117.0
Microsoft,128.0,2136.0
Microsoft,128.0,2160.0
IBM,128.0,2090.0
Apple,128.0,2160.0
IBM,128.0,2107.0
Microsoft,128.0,2110.0
Apple,128.0,2136.0
Microsoft,129.0,2077.0
Microsoft,129.0,2082.0
Apple,129.0,2136.0
Apple,129.0,2100.0
IBM,129.0,2099.0
Apple,129.0,2098.0
Apple,129.0,2160.0
Microsoft,129.0,2116.0
IBM,129.0,2118.0
Apple,129.0,2040.0
Apple,129.0,2124.0
IBM,129.0,2136.0
Microsoft,129.0,2080.0
Microsoft,129.0,2100.0
IBM,129.0,2097.0
Apple,129.0,2079.0
Microsoft,129.0,2160.0
Microsoft,129.0,2102.0
Apple,129.0,2117.0
Microsoft,129.0,2040.0
IBM,129.0,2100.0
Apple,129.0,2090.0
Apple,129.0,2117.0
Apple,129.0,2160.0
Microsoft,129.0,2100.0
Apple,129.0,2004.0
IBM,130.0,2160.0
IBM,130.0,2004.0
Apple,130.0,2160.0
Microsoft,130.0,2040.0
IBM,130.0,2124.0
Apple,130.0,2098.0
IBM,130.0,2081.0
IBM,130.0,2107.0
IBM,130.0,2078.0
Microsoft,130.0,2109.0
IBM,130.0,2115.0
IBM,130.0,2117.0
IBM,130.0,2115.0
Apple,130.0,2160.0
Microsoft,130.0,2124.0
Apple,130.0,2064.0
IBM,130.0,2040.0
Apple,130.0,2100.0
IBM,130.0,2106.0
Apple,130.0,2160.0
Apple,130.0,2160.0
Microsoft,130.0,2096.0
Microsoft,130.0,2096.0
Microsoft,130.0,2100.0
Microsoft,130.0,2160.0
Apple,130.0,2114.0
IBM,130.0,2160.0
Apple,130.0,2136.0
Microsoft,130.0,2160.0
Apple,130.0,2079.0
IBM,130.0,2124.0
Apple,130.0,2081.0
IBM,130.0,2096.0
IBM,130.0,2160.0
Apple,131.0,2160.0
Microsoft,131.0,2077.0
Apple,132.0,2100.0
IBM,132.0,2080.0
Microsoft,132.0,2116.0
Apple,132.0,2095.0
IBM,132.0,2136.0
Apple,132.0,2077.0
IBM,132.0,2106.0
IBM,132.0,2160.0
IBM,132.0,2028.0
IBM,132.0,2028.0
Apple,132.0,2040.0
Apple,133.0,2040.0
IBM,133.0,2112.0
IBM,133.0,2108.0
Apple,133.0,2116.0
Microsoft,133.0,2104.0
IBM,133.0,2078.0
IBM,133.0,2124.0
Apple,133.0,2040.0
Microsoft,133.0,2064.0
IBM,133.0,2160.0
Apple,133.0,2105.0
Apple,133.0,2079.0
Microsoft,133.0,2113.0
Apple,133.0,2160.0
IBM,133.0,2160.0
IBM,133.0,2418.0
Apple,133.0,2364.0
IBM,133.0,2268.0
IBM,133.0,2413.0
Microsoft,134.0,2400.0
Microsoft,134.0,2256.0
Apple,134.0,2280.0
IBM,135.0,2316.0
IBM,135.0,2340.0
IBM,135.0,2256.0
Apple,135.0,2208.0
Apple,135.0,2316.0
Microsoft,135.0,2400.0
Microsoft,135.0,2208.0
Apple,135.0,2280.0
Apple,135.0,2220.0
IBM,135.0,2400.0
Apple,135.0,2232.0
Apple,135.0,2400.0
Microsoft,135.0,2280.0
Microsoft,135.0,2232.0
Apple,135.0,2316.0
Apple,135.0,2172.0
Apple,135.0,2220.0
IBM,135.0,2364.0
Microsoft,135.0,2400.0
Apple,135.0,2388.0
Microsoft,135.0,2460.0
Apple,135.0,2316.0
Apple,135.0,2413.0
Microsoft,135.0,2388.0
Apple,135.0,2220.0
IBM,135.0,2196.0
Apple,135.0,2376.0
Microsoft,136.0,2172.0
Microsoft,136.0,2196.0
Apple,136.0,2400.0
Apple,136.0,2400.0
IBM,136.0,2400.0
Apple,136.0,2316.0
Microsoft,136.0,2400.0
IBM,136.0,2328.0
IBM,137.0,2268.0
Microsoft,137.0,2220.0
Microsoft,137.0,2256.0
Microsoft,137.0,2280.0
Apple,137.0,2220.0
Microsoft,137.0,2184.0
Apple,137.0,2400.0
Apple,137.0,2400.0
IBM,137.0,2304.0
Microsoft,137.0,2232.0
Apple,137.0,2316.0
IBM,137.0,2220.0
IBM,137.0,2340.0
Microsoft,137.0,2400.0
Apple,138.0,2220.0
Microsoft,138.0,2388.0
Microsoft,139.0,2415.0
Microsoft,139.0,2400.0
Microsoft,139.0,2316.0
Apple,139.0,2414.0
Apple,139.0,2419.0
Apple,139.0,2280.0
IBM,139.0,2280.0
IBM,139.0,2328.0
Apple,139.0,2376.0
IBM,139.0,2220.0
Apple,139.0,2400.0
Apple,139.0,2244.0
Apple,139.0,2340.0
IBM,139.0,2280.0
IBM,139.0,2400.0
Microsoft,139.0,2472.0
IBM,139.0,2244.0
Microsoft,139.0,2268.0
Apple,139.0,2280.0
IBM,139.0,2413.0
Apple,139.0,2340.0
IBM,139.0,2400.0
Microsoft,139.0,2400.0
Microsoft,139.0,2415.0
Microsoft,139.0,2400.0
Apple,140.0,2376.0
Microsoft,140.0,2400.0
IBM,140.0,2400.0
IBM,140.0,2400.0
Microsoft,140.0,2220.0
Apple,140.0,2417.0
Microsoft,140.0,2376.0
Microsoft,140.0,2316.0
IBM,140.0,2352.0
IBM,140.0,2376.0
IBM,140.0,2268.0
Microsoft,140.0,2340.0
Apple,140.0,2415.0
IBM,140.0,2472.0
Microsoft,140.0,2304.0
IBM,140.0,2352.0
Apple,140.0,2280.0
IBM,140.0,2208.0
Apple,141.0,2400.0
Microsoft,141.0,2400.0
IBM,141.0,2208.0
IBM,141.0,2220.0
Apple,142.0,2328.0
Microsoft,142.0,2220.0
Microsoft,142.0,2417.0
IBM,142.0,2220.0
IBM,142.0,2400.0
IBM,142.0,2412.0
Apple,142.0,2436.0
Apple,142.0,2196.0
Microsoft,142.0,2232.0
Microsoft,142.0,2280.0
Apple,143.0,2208.0
Apple,143.0,2460.0
Microsoft,143.0,2184.0
Apple,143.0,2364.0
Apple,143.0,2400.0
IBM,143.0,2413.0
IBM,143.0,2280.0
IBM,143.0,2340.0
Apple,143.0,2376.0
IBM,144.0,2280.0
Microsoft,144.0,2352.0
IBM,144.0,2412.0
Apple,145.0,2400.0
Microsoft,145.0,2400.0
Microsoft,145.0,2304.0
Apple,145.0,2400.0
Microsoft,145.0,2352.0
Apple,145.0,2376.0
Apple,145.0,2400.0
Microsoft,145.0,2268.0
Apple,145.0,2280.0
Microsoft,145.0,2244.0
IBM,145.0,2400.0
Apple,145.0,2414.0
Apple,145.0,2232.0
IBM,145.0,2400.0
IBM,145.0,2232.0
IBM,145.0,2400.0
Apple,145.0,2172.0
IBM,145.0,2400.0
Microsoft,145.0,2220.0
IBM,145.0,2388.0
IBM,145.0,2418.0
Microsoft,145.0,2415.0
Apple,146.0,2220.0
Apple,146.0,2376.0
IBM,146.0,2196.0
Apple,147.0,2208.0
IBM,147.0,2340.0
IBM,147.0,2160.0
Apple,147.0,2352.0
Microsoft,147.0,2400.0
Apple,147.0,2184.0
Microsoft,147.0,2172.0
Apple,147.0,2364.0
Apple,147.0,2400.0
Apple,148.0,2172.0
IBM,148.0,2280.0
Microsoft,148.0,2352.0
Microsoft,148.0,2460.0
Apple,148.0,2400.0
IBM,148.0,2400.0
IBM,148.0,2364.0
Apple,148.0,2417.0
Apple,148.0,2352.0
Microsoft,149.0,2220.0
Apple,149.0,2256.0
Apple,149.0,2340.0
Microsoft,149.0,2352.0
Microsoft,149.0,2376.0
Microsoft,149.0,2400.0
IBM,149.0,2413.0
Microsoft,149.0,2280.0
Microsoft,149.0,2268.0
IBM,149.0,2418.0
Apple,149.0,2220.0
IBM,149.0,2232.0
Microsoft,149.0,2352.0
Microsoft,149.0,2376.0
IBM,149.0,2280.0
Microsoft,149.0,2400.0
Microsoft,149.0,2412.0
IBM,149.0,2448.0
IBM,149.0,2400.0
Microsoft,150.0,2448.0
IBM,150.0,2232.0
Microsoft,150.0,2280.0
Apple,150.0,2400.0
IBM,150.0,2420.0
Apple,150.0,2400.0
Apple,150.0,2400.0
Apple,150.0,2220.0
Apple,150.0,2413.0
IBM,150.0,2472.0
Microsoft,150.0,2388.0
Microsoft,150.0,2268.0
Microsoft,150.0,2328.0
IBM,150.0,2340.0
Apple,150.0,2472.0
Microsoft,150.0,2340.0
Microsoft,150.0,2196.0
IBM,150.0,2340.0
Microsoft,150.0,2280.0
Microsoft,150.0,2400.0
IBM,150.0,2400.0
IBM,150.0,2328.0
Microsoft,150.0,2400.0
Microsoft,150.0,2340.0
Apple,150.0,2415.0
IBM,150.0,2280.0
Apple,150.0,2244.0
Apple,150.0,2280.0
Apple,152.0,2304.0
Microsoft,152.0,2388.0
Microsoft,152.0,2184.0
Microsoft,152.0,2364.0
Apple,152.0,2400.0
Microsoft,152.0,2244.0
Microsoft,152.0,2364.0
Microsoft,152.0,2400.0
IBM,153.0,2232.0
IBM,153.0,2400.0
IBM,153.0,2208.0
Microsoft,153.0,2292.0
Apple,153.0,2388.0
Apple,153.0,2400.0
Apple,153.0,2244.0
Microsoft,153.0,2292.0
Apple,153.0,2388.0
Apple,153.0,2280.0
Microsoft,154.0,2376.0
IBM,154.0,2414.0
IBM,154.0,2414.0
Microsoft,155.0,2208.0
Microsoft,155.0,2388.0
Apple,155.0,2196.0
Apple,155.0,2412.0
IBM,155.0,2376.0
Microsoft,155.0,2400.0
Apple,155.0,2400.0
IBM,155.0,2280.0
Microsoft,155.0,2208.0
Microsoft,155.0,2220.0
IBM,155.0,2376.0
IBM,155.0,2364.0
IBM,155.0,2472.0
IBM,155.0,2388.0
Microsoft,155.0,2413.0
IBM,155.0,2184.0
Apple,155.0,2220.0
IBM,155.0,2256.0
Apple,156.0,2376.0
IBM,156.0,2388.0
Microsoft,157.0,2400.0
Microsoft,157.0,2172.0
Apple,157.0,2340.0
IBM,157.0,2400.0
IBM,157.0,2400.0
IBM,157.0,2220.0
Apple,157.0,2352.0
Microsoft,158.0,2400.0
Apple,158.0,2388.0
IBM,158.0,2208.0
Apple,158.0,2256.0
IBM,158.0,2328.0
Apple,158.0,2400.0
Microsoft,158.0,2400.0
Apple,159.0,2208.0
IBM,159.0,2400.0
IBM,159.0,2268.0
Apple,159.0,2328.0
Apple,159.0,2400.0
Apple,159.0,2232.0
Microsoft,159.0,2244.0
Apple,159.0,2316.0
IBM,159.0,2364.0
Apple,159.0,2208.0
Microsoft,159.0,2376.0
Apple,159.0,2280.0
Apple,159.0,2448.0
Microsoft,160.0,2414.0
IBM,160.0,2292.0
IBM,160.0,2220.0
Microsoft,160.0,2244.0
IBM,160.0,2400.0
Apple,160.0,2220.0
IBM,160.0,2220.0
Microsoft,160.0,2232.0
IBM,160.0,2400.0
Apple,160.0,2220.0
Apple,160.0,2400.0
IBM,161.0,2412.0
Microsoft,162.0,2220.0
Apple,162.0,2400.0
IBM,162.0,2400.0
Apple,162.0,2244.0
IBM,163.0,2280.0
Apple,163.0,2400.0
Apple,163.0,2400.0
Microsoft,164.0,2414.0
Apple,164.0,2280.0
Microsoft,165.0,2415.0
Microsoft,165.0,2352.0
IBM,165.0,2376.0
IBM,165.0,2400.0
IBM,165.0,2232.0
Microsoft,165.0,2268.0
IBM,165.0,2400.0
IBM,165.0,2328.0
Microsoft,165.0,2304.0
Microsoft,165.0,2292.0
Microsoft,165.0,2414.0
Apple,165.0,2400.0
IBM,165.0,2400.0
Microsoft,165.0,2220.0
IBM,165.0,2400.0
Apple,165.0,2400.0
Microsoft,165.0,2268.0
IBM,165.0,2316.0
IBM,166.0,2280.0
Microsoft,167.0,2256.0
Microsoft,167.0,2417.0
Microsoft,167.0,2340.0
Apple,167.0,2400.0
Apple,167.0,2184.0
IBM,168.0,2292.0
Microsoft,168.0,2280.0
Apple,168.0,2400.0
Microsoft,168.0,2415.0
IBM,168.0,2280.0
Microsoft,168.0,2160.0
Microsoft,168.0,2417.0
Apple,168.0,2172.0
Apple,168.0,2448.0
Microsoft,168.0,2220.0
IBM,168.0,2400.0
Microsoft,168.0,2292.0
Apple,168.0,2268.0
Apple,168.0,2340.0
Microsoft,169.0,2220.0
IBM,169.0,2364.0
Microsoft,169.0,2388.0
Apple,169.0,2400.0
IBM,169.0,2400.0
Microsoft,169.0,2419.0
Microsoft,169.0,2400.0
IBM,170.0,2232.0
Apple,170.0,2220.0
Apple,170.0,2340.0
IBM,170.0,2328.0
Microsoft,170.0,2472.0
Apple,170.0,2400.0
Apple,170.0,2280.0
Apple,170.0,2280.0
IBM,170.0,2280.0
Apple,170.0,2415.0
IBM,170.0,2400.0
IBM,170.0,2400.0
Apple,170.0,2412.0
Apple,170.0,2413.0
Apple,170.0,2268.0
Microsoft,170.0,2400.0
IBM,170.0,2268.0
IBM,170.0,2280.0
IBM,171.0,2414.0
Apple,172.0,2460.0
Apple,172.0,2244.0
Apple,172.0,2340.0
Apple,172.0,2280.0
Apple,172.0,2400.0
Apple,172.0,2280.0
IBM,172.0,2400.0
Apple,172.0,2232.0
Microsoft,173.0,2316.0
Apple,173.0,2419.0
Microsoft,173.0,2160.0
Microsoft,173.0,2172.0
Apple,173.0,2196.0
Apple,174.0,2220.0
Microsoft,174.0,2376.0
Apple,175.0,2340.0
Apple,175.0,2400.0
Microsoft,175.0,2304.0
Apple,175.0,2232.0
Apple,175.0,2400.0
Apple,175.0,2184.0
Apple,175.0,2232.0
Microsoft,175.0,2412.0
IBM,175.0,2316.0
IBM,175.0,2280.0
Apple,175.0,2400.0
Apple,175.0,2460.0
IBM,175.0,2460.0
Microsoft,175.0,2770.0
Microsoft,175.0,2640.0
Microsoft,175.0,2580.0
IBM,175.0,2766.0
IBM,175.0,2764.0
IBM,175.0,2532.0
IBM,175.0,2580.0
IBM,175.0,2607.0
Microsoft,176.0,2608.0
IBM,176.0,2568.0
IBM,176.0,2485.0
Apple,176.0,2606.0
Apple,177.0,2724.0
IBM,177.0,2508.0
Apple,177.0,2604.0
IBM,177.0,2487.0
Apple,177.0,2700.0
IBM,178.0,2522.0
Apple,178.0,2700.0
Microsoft,178.0,2604.0
Apple,178.0,2523.0
Microsoft,178.0,2606.0
Apple,178.0,2486.0
IBM,178.0,2520.0
IBM,178.0,2640.0
IBM,178.0,2664.0
IBM,178.0,2688.0
Apple,178.0,2808.0
Microsoft,178.0,2607.0
IBM,178.0,2765.0
IBM,178.0,2664.0
Apple,178.0,2522.0
IBM,178.0,2485.0
IBM,178.0,2640.0
Microsoft,179.0,2472.0
Apple,179.0,2486.0
Microsoft,179.0,2688.0
Apple,179.0,2760.0
IBM,179.0,2765.0
IBM,179.0,2606.0
Apple,179.0,2700.0
Apple,179.0,2616.0
Apple,179.0,2568.0
IBM,179.0,2520.0
Microsoft,179.0,2568.0
Apple,179.0,2604.0
IBM,179.0,2520.0
Apple,179.0,2484.0
Apple,179.0,2764.0
Apple,179.0,2766.0
Microsoft,179.0,2604.0
Apple,179.0,2524.0
IBM,179.0,2628.0
IBM,179.0,2520.0
IBM,180.0,2640.0
Apple,180.0,2761.0
Apple,180.0,2521.0
IBM,180.0,2640.0
Microsoft,180.0,2768.0
Apple,180.0,2762.0
Microsoft,180.0,2606.0
Apple,180.0,2767.0
Apple,180.0,2784.0
IBM,180.0,2592.0
IBM,180.0,2604.0
Microsoft,180.0,2609.0
Apple,180.0,2640.0
Apple,180.0,2522.0
IBM,180.0,2748.0
IBM,180.0,2532.0
Apple,180.0,2609.0
Microsoft,180.0,2592.0
Apple,180.0,2764.0
IBM,181.0,2796.0
Microsoft,181.0,2544.0
IBM,181.0,2556.0
IBM,181.0,2592.0
Apple,182.0,2766.0
Microsoft,182.0,2640.0
Apple,182.0,2700.0
IBM,182.0,2766.0
IBM,182.0,2768.0
Apple,183.0,2764.0
IBM,183.0,2652.0
Apple,183.0,2724.0
IBM,183.0,2760.0
IBM,183.0,2763.0
Apple,183.0,2522.0
Apple,184.0,2769.0
Apple,184.0,2652.0
IBM,184.0,2607.0
Microsoft,185.0,2640.0
IBM,185.0,2652.0
Microsoft,185.0,2544.0
IBM,185.0,2628.0
IBM,185.0,2770.0
IBM,185.0,2784.0
Microsoft,185.0,2604.0
IBM,185.0,2640.0
Apple,185.0,2604.0
IBM,185.0,2484.0
Microsoft,185.0,2700.0
Microsoft,185.0,2761.0
IBM,185.0,2496.0
Apple,185.0,2523.0
Microsoft,185.0,2607.0
Apple,185.0,2496.0
Apple,186.0,2784.0
Apple,186.0,2520.0
Apple,186.0,2761.0
IBM,187.0,2766.0
Microsoft,187.0,2796.0
Microsoft,187.0,2484.0
Apple,187.0,2522.0
Apple,187.0,2580.0
Microsoft,187.0,2472.0
Apple,187.0,2784.0
IBM,187.0,2484.0
Apple,187.0,2640.0
Microsoft,188.0,2764.0
Apple,188.0,2766.0
IBM,188.0,2604.0
Microsoft,188.0,2640.0
Microsoft,188.0,2640.0
Apple,188.0,2592.0
Microsoft,188.0,2640.0
Apple,188.0,2765.0
IBM,188.0,2712.0
Apple,189.0,2736.0
Microsoft,189.0,2605.0
IBM,189.0,2700.0
Apple,189.0,2640.0
Apple,189.0,2640.0
Microsoft,189.0,2700.0
Apple,189.0,2580.0
Microsoft,189.0,2605.0
Microsoft,189.0,2544.0
IBM,189.0,2712.0
Apple,189.0,2768.0
Microsoft,189.0,2524.0
Microsoft,190.0,2724.0
Microsoft,190.0,2521.0
Microsoft,190.0,2652.0
Microsoft,190.0,2748.0
Microsoft,190.0,2460.0
IBM,190.0,2763.0
IBM,190.0,2520.0
IBM,190.0,2652.0
IBM,190.0,2769.0
Microsoft,190.0,2767.0
Microsoft,190.0,2508.0
Microsoft,190.0,2652.0
Microsoft,190.0,2485.0
Apple,190.0,2472.0
IBM,190.0,2640.0
Apple,191.0,2460.0
IBM,191.0,2640.0
IBM,192.0,2700.0
Microsoft,192.0,2486.0
Microsoft,192.0,2484.0
IBM,192.0,2640.0
Microsoft,193.0,2760.0
IBM,193.0,2485.0
IBM,194.0,2592.0
Microsoft,194.0,2640.0
Apple,194.0,2808.0
Microsoft,195.0,2760.0
IBM,195.0,2762.0
Microsoft,195.0,2640.0
Apple,195.0,2769.0
Microsoft,195.0,2640.0
Apple,195.0,2487.0
Apple,195.0,2544.0
Apple,195.0,2628.0
Microsoft,195.0,2640.0
Microsoft,195.0,2640.0
IBM,196.0,2761.0
Microsoft,196.0,2763.0
Microsoft,196.0,2766.0
Apple,197.0,2580.0
IBM,197.0,2556.0
Apple,197.0,2772.0
Microsoft,198.0,2508.0
Microsoft,198.0,2521.0
IBM,198.0,2640.0
Apple,198.0,2640.0
Apple,198.0,2604.0
Microsoft,199.0,2762.0
Apple,199.0,2766.0
Microsoft,199.0,2784.0
Apple,199.0,2676.0
IBM,199.0,2796.0
IBM,199.0,2520.0
IBM,200.0,2580.0
IBM,200.0,2764.0
IBM,200.0,2784.0
Microsoft,200.0,2640.0
Apple,200.0,2700.0
Microsoft,200.0,2487.0
Microsoft,200.0,2767.0
Apple,200.0,2784.0
Apple,200.0,2664.0
Microsoft,200.0,2532.0
IBM,200.0,2608.0
IBM,200.0,2640.0
IBM,200.0,2808.0
Apple,200.0,2640.0
IBM,200.0,2484.0
IBM,200.0,2608.0
Microsoft,200.0,2580.0
Microsoft,200.0,2676.0
Microsoft,200.0,2760.0
IBM,200.0,2607.0
Apple,201.0,2736.0
Microsoft,202.0,2609.0
Apple,202.0,2768.0
Apple,203.0,2580.0
Microsoft,203.0,2556.0
Apple,203.0,2580.0
IBM,203.0,2605.0
Microsoft,203.0,2640.0
Microsoft,203.0,2484.0
Apple,204.0,2640.0
IBM,204.0,2700.0
Apple,204.0,2544.0
Microsoft,204.0,2605.0
Apple,205.0,2640.0
Microsoft,205.0,2712.0
Apple,205.0,2523.0
IBM,205.0,2763.0
IBM,205.0,2486.0
IBM,205.0,2605.0
IBM,205.0,2640.0
IBM,205.0,2763.0
Apple,205.0,2520.0
Apple,205.0,2592.0
Microsoft,205.0,2640.0
Apple,205.0,2605.0
IBM,205.0,2640.0
IBM,205.0,2767.0
IBM,205.0,2767.0
Apple,205.0,2484.0
IBM,205.0,2676.0
Microsoft,205.0,2484.0
IBM,205.0,2764.0
Apple,206.0,2640.0
Microsoft,207.0,2676.0
Apple,207.0,2700.0
Apple,208.0,2580.0
Apple,208.0,2484.0
Apple,208.0,2520.0
Microsoft,208.0,2640.0
IBM,208.0,2640.0
IBM,208.0,2808.0
Apple,209.0,2664.0
IBM,209.0,2766.0
IBM,209.0,2485.0
Microsoft,209.0,2520.0
IBM,209.0,2520.0
IBM,209.0,2640.0
IBM,209.0,2664.0
IBM,209.0,2762.0
Microsoft,209.0,2460.0
IBM,209.0,2640.0
Apple,209.0,2760.0
Apple,210.0,2763.0
Apple,210.0,2487.0
Microsoft,210.0,2640.0
Microsoft,210.0,2700.0
IBM,210.0,2676.0
Apple,210.0,2460.0
IBM,210.0,2544.0
Apple,210.0,2640.0
Microsoft,210.0,2700.0
IBM,210.0,2764.0
IBM,210.0,2484.0
Apple,210.0,2712.0
IBM,210.0,2544.0
IBM,210.0,2606.0
Microsoft,210.0,2765.0
Microsoft,210.0,2521.0
Apple,210.0,2544.0
Apple,210.0,2607.0
Apple,210.0,2640.0
IBM,212.0,2508.0
Apple,212.0,2640.0
Microsoft,213.0,2604.0
Apple,213.0,2796.0
Apple,213.0,2767.0
Apple,213.0,2604.0
Microsoft,215.0,2520.0
Apple,215.0,2556.0
Microsoft,215.0,2700.0
Apple,215.0,2520.0
Apple,215.0,2523.0
Apple,215.0,2520.0
Apple,215.0,2764.0
Microsoft,215.0,2520.0
IBM,215.0,2761.0
IBM,215.0,2766.0
Microsoft,215.0,2520.0
Apple,215.0,2761.0
Microsoft,216.0,2766.0
IBM,216.0,2544.0
IBM,216.0,2580.0
IBM,217.0,2700.0
Microsoft,217.0,2764.0
IBM,217.0,2767.0
Apple,217.0,2604.0
Microsoft,218.0,2765.0
Apple,218.0,2640.0
IBM,218.0,2640.0
IBM,219.0,2765.0
Microsoft,219.0,2522.0
IBM,219.0,2568.0
IBM,219.0,2763.0
Apple,219.0,2616.0
IBM,219.0,2605.0
IBM,219.0,2604.0
Apple,219.0,2768.0
IBM,220.0,2700.0
IBM,220.0,2712.0
IBM,220.0,2520.0
Microsoft,220.0,2761.0
Apple,220.0,2762.0
IBM,220.0,2556.0
Microsoft,220.0,2608.0
IBM,220.0,2580.0
IBM,220.0,2556.0
Apple,220.0,2769.0
IBM,220.0,2609.0
IBM,220.0,2724.0
Microsoft,220.0,2486.0
Microsoft,220.0,2605.0
IBM,220.0,2580.0
IBM,220.0,2712.0
Apple,220.0,2767.0
IBM,220.0,2604.0
Microsoft,220.0,2460.0
Apple,221.0,2769.0
Apple,222.0,2460.0
IBM,224.0,2796.0
Apple,225.0,2520.0
Microsoft,225.0,2724.0
Microsoft,225.0,2604.0
IBM,225.0,2556.0
IBM,225.0,2628.0
Apple,225.0,2523.0
IBM,225.0,2640.0
Microsoft,225.0,2664.0
Microsoft,225.0,2700.0
Microsoft,225.0,2688.0
Microsoft,225.0,2772.0
Apple,225.0,2748.0
Apple,225.0,2521.0
IBM,225.0,2508.0
Apple,226.0,2607.0
IBM,226.0,2628.0
IBM,226.0,2808.0
IBM,227.0,2763.0
Microsoft,227.0,2580.0
Microsoft,227.0,2592.0
IBM,227.0,2604.0
IBM,227.0,2769.0
Apple,228.0,2664.0
IBM,228.0,2765.0
Microsoft,228.0,2763.0
Microsoft,228.0,2765.0
Apple,228.0,2580.0
IBM,229.0,2761.0
Microsoft,229.0,2568.0
IBM,229.0,2604.0
Microsoft,229.0,2767.0
Apple,229.0,2808.0
IBM,229.0,2544.0
Microsoft,229.0,2628.0
Apple,229.0,2580.0
Microsoft,229.0,2700.0
Microsoft,229.0,2580.0
Apple,229.0,2764.0
Apple,229.0,2532.0
Microsoft,230.0,2608.0
Apple,230.0,2808.0
IBM,230.0,2460.0
IBM,230.0,2448.0
IBM,230.0,2485.0
IBM,230.0,2520.0
Microsoft,230.0,2640.0
Apple,230.0,2640.0
Microsoft,230.0,2664.0
IBM,230.0,2605.0
IBM,230.0,2522.0
Apple,230.0,2762.0
Apple,232.0,2485.0
Microsoft,232.0,2523.0
Apple,233.0,2765.0
Apple,233.0,2606.0
Apple,233.0,2568.0
Apple,233.0,2676.0
Apple,234.0,2808.0
Apple,234.0,2820.0
IBM,234.0,3240.0
IBM,234.0,3000.0
Apple,235.0,2940.0
Microsoft,235.0,3204.0
Apple,235.0,3180.0
IBM,235.0,2904.0
Microsoft,235.0,2940.0
Microsoft,235.0,3000.0
Microsoft,235.0,3000.0
Apple,235.0,2940.0
IBM,235.0,2856.0
Apple,235.0,3000.0
Apple,235.0,3120.0
Microsoft,235.0,2880.0
Microsoft,235.0,2976.0
Apple,235.0,2880.0
Microsoft,236.0,3108.0
Microsoft,237.0,2880.0
IBM,237.0,3084.0
Microsoft,237.0,2976.0
IBM,237.0,2904.0
Microsoft,238.0,3000.0
Microsoft,238.0,2844.0
Apple,238.0,2880.0
IBM,239.0,3000.0
Apple,239.0,3060.0
IBM,239.0,3072.0
Microsoft,239.0,3240.0
IBM,239.0,3000.0
Apple,239.0,3216.0
Microsoft,239.0,3060.0
Apple,239.0,2880.0
Apple,240.0,2844.0
Apple,240.0,3000.0
IBM,240.0,2820.0
Apple,240.0,2856.0
Microsoft,240.0,3072.0
Microsoft,240.0,3120.0
Microsoft,240.0,3156.0
Microsoft,240.0,3000.0
Apple,240.0,3120.0
Apple,240.0,3000.0
IBM,240.0,2940.0
Microsoft,240.0,2880.0
IBM,240.0,2928.0
Microsoft,240.0,2976.0
Microsoft,240.0,2880.0
Microsoft,240.0,2820.0
Apple,240.0,3156.0
IBM,240.0,3180.0
Apple,240.0,3000.0
Microsoft,240.0,2892.0
IBM,240.0,3000.0
Microsoft,241.0,2880.0
IBM,242.0,3000.0
IBM,242.0,3120.0
Apple,243.0,2880.0
Microsoft,243.0,3048.0
IBM,243.0,3240.0
Microsoft,245.0,3120.0
Microsoft,245.0,3000.0
IBM,245.0,3216.0
Apple,245.0,3240.0
Apple,245.0,2964.0
IBM,245.0,2976.0
IBM,245.0,3000.0
Microsoft,245.0,3024.0
Microsoft,245.0,2880.0
IBM,245.0,3120.0
Apple,245.0,2904.0
Apple,245.0,3000.0
IBM,245.0,2976.0
Apple,245.0,3168.0
IBM,247.0,3240.0
IBM,247.0,2916.0
Apple,248.0,2940.0
IBM,248.0,2976.0
IBM,248.0,3204.0
Apple,248.0,3000.0
Microsoft,248.0,3096.0
Microsoft,248.0,3180.0
Apple,248.0,3240.0
Microsoft,249.0,3180.0
IBM,249.0,3036.0
Microsoft,249.0,3120.0
Microsoft,249.0,3120.0
Microsoft,249.0,3156.0
Microsoft,249.0,2880.0
IBM,250.0,3240.0
Apple,250.0,3024.0
Apple,250.0,3000.0
IBM,250.0,3000.0
IBM,250.0,3036.0
Microsoft,250.0,2940.0
Apple,250.0,3000.0
Microsoft,250.0,3240.0
IBM,250.0,3240.0
Apple,250.0,3000.0
Apple,250.0,3000.0
IBM,250.0,2988.0
Apple,250.0,2820.0
IBM,250.0,3096.0
IBM,250.0,3120.0
IBM,252.0,2868.0
Microsoft,252.0,2880.0
Microsoft,253.0,3000.0
Apple,253.0,2880.0
IBM,253.0,3240.0
Microsoft,255.0,2880.0
Microsoft,255.0,3120.0
Apple,255.0,3192.0
Microsoft,255.0,3240.0
Microsoft,255.0,2820.0
IBM,255.0,2880.0
IBM,255.0,2940.0
Apple,255.0,2820.0
Apple,255.0,3240.0
Apple,255.0,2844.0
Apple,255.0,3000.0
IBM,255.0,3168.0
IBM,255.0,3204.0
Apple,255.0,2976.0
Microsoft,256.0,3000.0
IBM,257.0,3036.0
IBM,257.0,2964.0
Apple,258.0,3000.0
IBM,258.0,3192.0
Apple,258.0,3120.0
Apple,259.0,3120.0
Apple,259.0,3000.0
Apple,259.0,3096.0
Apple,260.0,3000.0
Microsoft,260.0,3036.0
Apple,260.0,3072.0
IBM,260.0,2952.0
Microsoft,260.0,2988.0
Microsoft,260.0,2916.0
IBM,260.0,3096.0
IBM,262.0,3240.0
IBM,262.0,2892.0
Microsoft,263.0,3120.0
Apple,265.0,2880.0
Apple,265.0,3036.0
Apple,265.0,3120.0
Apple,266.0,2820.0
Microsoft,268.0,3156.0
Apple,268.0,2868.0
Apple,268.0,3048.0
IBM,269.0,3240.0
IBM,269.0,3228.0
Apple,269.0,2880.0
IBM,269.0,3048.0
Microsoft,269.0,2856.0
Apple,269.0,2820.0
IBM,269.0,3000.0
IBM,269.0,2832.0
Apple,270.0,3000.0
IBM,270.0,3120.0
Apple,270.0,2856.0
Apple,270.0,2880.0
IBM,270.0,3000.0
IBM,270.0,3120.0
IBM,270.0,2856.0
IBM,270.0,2976.0
IBM,270.0,3000.0
Apple,272.0,3240.0
Microsoft,273.0,3120.0
Apple,273.0,3132.0
IBM,273.0,3000.0
Microsoft,273.0,3240.0
IBM,273.0,3000.0
Apple,273.0,2868.0
Apple,274.0,2916.0
IBM,275.0,3000.0
Apple,275.0,3000.0
IBM,275.0,3000.0
Apple,275.0,3120.0
IBM,275.0,3120.0
Microsoft,275.0,3216.0
IBM,275.0,2940.0
Apple,276.0,2940.0
Apple,277.0,3240.0
Apple,278.0,2880.0
Microsoft,278.0,2880.0
Apple,278.0,3000.0
Microsoft,278.0,3000.0
Apple,279.0,2988.0
IBM,279.0,3132.0
IBM,279.0,3192.0
Microsoft,280.0,3240.0
Apple,280.0,3060.0
Apple,280.0,3240.0
Apple,280.0,2880.0
IBM,280.0,2952.0
IBM,280.0,3180.0
Apple,280.0,3240.0
Microsoft,280.0,3036.0
Microsoft,280.0,3084.0
IBM,284.0,2880.0
IBM,285.0,3228.0
Apple,285.0,3240.0
Microsoft,285.0,3060.0
Apple,285.0,2904.0
Apple,285.0,3000.0
IBM,285.0,3000.0
IBM,285.0,3240.0
Microsoft,285.0,3000.0
Apple,285.0,2880.0
IBM,285.0,3000.0
Microsoft,285.0,2952.0
Microsoft,285.0,3060.0
Apple,285.0,3120.0
IBM,285.0,3000.0
Apple,285.0,3120.0
IBM,285.0,3000.0
IBM,285.0,3240.0
Apple,286.0,2940.0
Microsoft,287.0,2904.0
Apple,287.0,2964.0
IBM,287.0,3000.0
Microsoft,287.0,3036.0
IBM,287.0,2832.0
IBM,287.0,3000.0
Microsoft,287.0,3072.0
IBM,288.0,2928.0
Apple,288.0,2988.0
IBM,288.0,3012.0
Apple,288.0,3096.0
Microsoft,289.0,2880.0
Microsoft,289.0,3180.0
Microsoft,289.0,2844.0
Microsoft,289.0,3000.0
Microsoft,289.0,3048.0
Apple,289.0,3144.0
Apple,289.0,2904.0
Apple,289.0,2976.0
IBM,290.0,3048.0
Microsoft,290.0,3000.0
IBM,290.0,3000.0
Apple,290.0,3216.0
Apple,290.0,3240.0
Apple,290.0,2820.0
IBM,290.0,3060.0
IBM,290.0,2856.0
Apple,290.0,3180.0
Microsoft,295.0,3036.0
Microsoft,295.0,3072.0
Apple,295.0,3108.0
IBM,295.0,2940.0
Apple,295.0,2832.0
IBM,295.0,2880.0
Apple,295.0,3024.0
Microsoft,295.0,3000.0
Apple,295.0,3240.0
Apple,295.0,3060.0
Apple,295.0,3204.0
IBM,295.0,2844.0
Microsoft,296.0,2856.0
IBM,296.0,2904.0
Apple,298.0,3000.0
Apple,298.0,3060.0
Microsoft,299.0,3132.0
Microsoft,299.0,2832.0
Apple,299.0,3000.0
Microsoft,299.0,3120.0
Apple,299.0,3120.0
IBM,299.0,2880.0
Microsoft,299.0,3000.0
IBM,299.0,3108.0
IBM,300.0,3048.0
Apple,300.0,2820.0
Apple,300.0,2916.0
Microsoft,300.0,3000.0
IBM,300.0,3084.0
IBM,300.0,3144.0
IBM,300.0,2844.0
Microsoft,300.0,3120.0
IBM,300.0,2940.0
IBM,300.0,3000.0
Apple,300.0,3156.0
IBM,300.0,2880.0
Apple,304.0,2916.0
Apple,305.0,3000.0
IBM,305.0,3000.0
Microsoft,305.0,2856.0
Microsoft,305.0,3036.0
Microsoft,305.0,2976.0
Apple,305.0,3240.0
Microsoft,305.0,3216.0
Microsoft,305.0,3000.0
IBM,305.0,2880.0
Microsoft,305.0,2928.0
IBM,305.0,3108.0
Microsoft,306.0,2880.0
Apple,307.0,2904.0
Apple,308.0,2880.0
IBM,309.0,3156.0
Apple,309.0,2880.0
Apple,309.0,3120.0
Apple,309.0,3192.0
Microsoft,309.0,2880.0
Microsoft,309.0,3120.0
Apple,309.0,3180.0
Microsoft,310.0,2940.0
Apple,310.0,2940.0
IBM,310.0,3120.0
Microsoft,310.0,3144.0
Microsoft,310.0,3204.0
Apple,310.0,2964.0
IBM,310.0,3204.0
Apple,310.0,3000.0
Microsoft,311.0,3000.0
IBM,313.0,3180.0
Apple,315.0,2880.0
Microsoft,315.0,2940.0
Microsoft,315.0,3120.0
Apple,315.0,3000.0
Apple,315.0,3000.0
IBM,315.0,3000.0
Apple,316.0,3240.0
Apple,317.0,3120.0
IBM,317.0,3120.0
IBM,318.0,2880.0
Microsoft,319.0,3120.0
IBM,320.0,3132.0
Microsoft,320.0,2940.0
Microsoft,320.0,3000.0
Microsoft,320.0,2964.0
Apple,320.0,2940.0
Microsoft,320.0,3240.0
Microsoft,320.0,3000.0
IBM,320.0,3120.0
Apple,320.0,2844.0
IBM,320.0,3000.0
IBM,320.0,2952.0
Microsoft,320.0,3108.0
Microsoft,323.0,3216.0
IBM,324.0,2976.0
IBM,325.0,2820.0
IBM,325.0,3240.0
Apple,325.0,2820.0
IBM,325.0,3240.0
Apple,325.0,2880.0
IBM,325.0,3120.0
Microsoft,325.0,3000.0
Apple,325.0,2940.0
IBM,325.0,3000.0
Microsoft,325.0,2880.0
Apple,328.0,3000.0
Microsoft,329.0,3072.0
Apple,329.0,3120.0
Apple,330.0,3084.0
Microsoft,330.0,3240.0
IBM,330.0,3120.0
Microsoft,330.0,2880.0
IBM,330.0,2856.0
Apple,330.0,3000.0
IBM,330.0,3000.0
Microsoft,330.0,3240.0
IBM,332.0,3132.0
Apple,333.0,2952.0
Microsoft,333.0,2964.0
IBM,333.0,2976.0
Microsoft,335.0,3240.0
Microsoft,335.0,3060.0
IBM,335.0,3180.0
Microsoft,335.0,3192.0
IBM,335.0,3180.0
IBM,335.0,2940.0
IBM,335.0,3120.0
Microsoft,337.0,2940.0
Microsoft,337.0,2964.0
Apple,337.0,3228.0
Microsoft,338.0,3240.0
Microsoft,339.0,2916.0
Apple,339.0,3000.0
IBM,339.0,2952.0
Microsoft,339.0,3096.0
Microsoft,340.0,2964.0
Microsoft,340.0,3168.0
Apple,340.0,2904.0
IBM,340.0,3000.0
Apple,340.0,3240.0
Apple,340.0,2820.0
Microsoft,340.0,2820.0
IBM,344.0,2856.0
Apple,344.0,2868.0
IBM,345.0,3000.0
IBM,345.0,3000.0
Apple,345.0,3060.0
Microsoft,345.0,3000.0
Apple,345.0,2880.0
IBM,345.0,3120.0
Apple,345.0,2856.0
IBM,346.0,2880.0
Microsoft,349.0,3180.0
Microsoft,349.0,3000.0
IBM,349.0,2940.0
IBM,349.0,3084.0
Microsoft,349.0,3240.0
Apple,349.0,3264.0
Apple,349.0,3996.0
Apple,350.0,3600.0
IBM,350.0,3408.0
IBM,350.0,3900.0
Apple,350.0,3840.0
Microsoft,350.0,3360.0
Apple,350.0,3420.0
IBM,350.0,3540.0
Apple,350.0,3540.0
IBM,350.0,3372.0
Microsoft,351.0,3288.0
Microsoft,353.0,3480.0
IBM,355.0,3660.0
Microsoft,355.0,3324.0
Microsoft,355.0,3444.0
Apple,355.0,3324.0
IBM,355.0,3648.0
Microsoft,355.0,3360.0
IBM,355.0,3600.0
IBM,355.0,3456.0
IBM,355.0,3360.0
Microsoft,355.0,3480.0
Apple,355.0,3300.0
Apple,355.0,3360.0
IBM,355.0,3600.0
IBM,356.0,3600.0
Microsoft,358.0,3600.0
IBM,359.0,4080.0
IBM,359.0,3516.0
IBM,359.0,3864.0
IBM,359.0,3600.0
IBM,359.0,3360.0
Microsoft,360.0,3300.0
Apple,360.0,3600.0
IBM,360.0,3276.0
Microsoft,360.0,3300.0
Apple,360.0,3600.0
Apple,360.0,3720.0
Apple,360.0,3840.0
Apple,360.0,3480.0
Microsoft,361.0,3624.0
Microsoft,363.0,3576.0
IBM,364.0,3420.0
Microsoft,365.0,3360.0
Apple,365.0,3360.0
Apple,365.0,3468.0
IBM,365.0,3348.0
Apple,367.0,3288.0
IBM,368.0,3804.0
Microsoft,369.0,3840.0
Apple,369.0,3480.0
Apple,369.0,3360.0
Microsoft,370.0,3576.0
Apple,370.0,3360.0
Apple,370.0,3600.0
Microsoft,370.0,3744.0
Apple,370.0,3360.0
Microsoft,372.0,3600.0
IBM,375.0,3960.0
Apple,375.0,3768.0
IBM,375.0,3480.0
Apple,375.0,3900.0
IBM,375.0,3960.0
IBM,375.0,3432.0
IBM,376.0,3456.0
Microsoft,377.0,3552.0
Microsoft,377.0,3600.0
Microsoft,377.0,3360.0
Microsoft,378.0,3720.0
IBM,379.0,3360.0
Apple,379.0,3576.0
Apple,379.0,3444.0
Apple,380.0,3828.0
Microsoft,380.0,4044.0
Microsoft,380.0,3360.0
Apple,380.0,3384.0
Microsoft,380.0,3444.0
Microsoft,380.0,3840.0
Microsoft,380.0,3600.0
IBM,382.0,3648.0
Microsoft,382.0,3840.0
Microsoft,383.0,3936.0
Apple,384.0,3840.0
Microsoft,385.0,3600.0
Apple,385.0,3720.0
Microsoft,385.0,3720.0
Apple,385.0,3840.0
Apple,385.0,3360.0
IBM,386.0,4020.0
Apple,387.0,3600.0
IBM,388.0,3480.0
IBM,388.0,3600.0
Microsoft,389.0,3600.0
Apple,389.0,3384.0
Microsoft,390.0,3564.0
IBM,390.0,3960.0
IBM,390.0,4056.0
Apple,390.0,3480.0
Apple,390.0,3600.0
IBM,390.0,3480.0
Apple,393.0,3252.0
IBM,395.0,3600.0
Apple,395.0,3744.0
Apple,395.0,3324.0
Apple,395.0,3360.0
IBM,395.0,3528.0
IBM,396.0,3336.0
Apple,396.0,3996.0
Microsoft,398.0,3360.0
Microsoft,399.0,3756.0
IBM,399.0,3840.0
Microsoft,399.0,3960.0
Microsoft,399.0,3288.0
Microsoft,399.0,3360.0
Apple,399.0,3408.0
Microsoft,399.0,3264.0
IBM,399.0,4068.0
IBM,399.0,3288.0
Apple,399.0,3588.0
IBM,399.0,3840.0
